{"type":"FeatureCollection", "features": [
{"type":"Feature","geometry":{"type":"MultiPolygon","coordinates":[[[[93.84,7.24],[93.8,7.22],[93.76,7.22],[93.74,7.18],[93.68,7.2],[93.68,7.14],[93.66,7.12],[93.68,7.02],[93.7,7.02],[93.74,6.96],[93.74,6.92],[93.78,6.88],[93.78,6.84],[93.84,6.78],[93.86,6.82],[93.9,6.8],[93.9,6.9],[93.94,6.96],[93.92,7.04],[93.88,7.08],[93.9,7.12],[93.88,7.22],[93.84,7.24]]],[[[93.72,7.44],[93.7,7.4],[93.64,7.36],[93.62,7.26],[93.64,7.24],[93.68,7.28],[93.72,7.32],[93.76,7.38],[93.72,7.4],[93.72,7.44]]],[[[93.38,8.02],[93.34,8.02],[93.32,7.96],[93.38,7.88],[93.4,7.9],[93.48,7.9],[93.46,7.94],[93.4,8],[93.38,8.02]]],[[[93.54,8.02],[93.5,7.98],[93.58,7.92],[93.58,8],[93.54,8.02]]],[[[93.52,8.24],[93.46,8.18],[93.46,8.12],[93.48,8.08],[93.54,8.08],[93.5,8.14],[93.54,8.2],[93.52,8.24]]],[[[93.12,8.36],[93.1,8.34],[93.08,8.28],[93.12,8.22],[93.2,8.2],[93.2,8.22],[93.16,8.24],[93.12,8.28],[93.14,8.34],[93.12,8.36]]],[[[92.78,9.24],[92.76,9.22],[92.72,9.22],[92.72,9.14],[92.74,9.12],[92.82,9.12],[92.84,9.16],[92.82,9.22],[92.78,9.24]]],[[[92.52,10.9],[92.46,10.86],[92.42,10.78],[92.38,10.78],[92.38,10.66],[92.42,10.62],[92.38,10.54],[92.44,10.54],[92.5,10.52],[92.54,10.52],[92.56,10.58],[92.54,10.6],[92.56,10.64],[92.6,10.68],[92.58,10.74],[92.58,10.78],[92.56,10.82],[92.56,10.86],[92.52,10.9]]],[[[92.64,11.52],[92.62,11.48],[92.62,11.4],[92.58,11.4],[92.6,11.34],[92.64,11.34],[92.7,11.36],[92.66,11.4],[92.68,11.44],[92.66,11.5],[92.64,11.52]]],[[[92.22,11.6],[92.22,11.52],[92.28,11.54],[92.26,11.58],[92.22,11.6]]],[[[92.96,12.04],[92.94,12],[92.96,11.98],[93.02,11.9],[93.04,11.94],[93,12.02],[92.96,12.04]]],[[[93.02,12.16],[92.96,12.12],[93.04,12.1],[93.02,12.16]]],[[[93.06,12.22],[93.04,12.14],[93.08,12.08],[93.1,12.1],[93.08,12.2],[93.06,12.22]]],[[[92.7,12.24],[92.64,12.18],[92.62,12.1],[92.6,11.92],[92.56,11.94],[92.52,11.9],[92.52,11.84],[92.54,11.82],[92.56,11.78],[92.56,11.72],[92.58,11.72],[92.6,11.64],[92.6,11.6],[92.66,11.56],[92.66,11.5],[92.72,11.52],[92.74,11.56],[92.76,11.6],[92.76,11.66],[92.72,11.66],[92.7,11.7],[92.76,11.72],[92.78,11.88],[92.78,11.92],[92.72,11.96],[92.76,11.98],[92.78,12.04],[92.74,12.08],[92.76,12.16],[92.72,12.16],[92.7,12.24]]],[[[92.74,12.24],[92.72,12.18],[92.76,12.18],[92.76,12.22],[92.74,12.24]]],[[[92.78,12.32],[92.78,12.28],[92.74,12.24],[92.76,12.22],[92.76,12.18],[92.74,12.1],[92.76,12.06],[92.8,12.1],[92.88,12.26],[92.86,12.3],[92.82,12.3],[92.8,12.32],[92.78,12.32]]],[[[93.84,12.32],[93.82,12.28],[93.82,12.24],[93.88,12.24],[93.84,12.32]]],[[[92.9,12.92],[92.88,12.88],[92.8,12.9],[92.74,12.82],[92.72,12.78],[92.74,12.72],[92.74,12.68],[92.72,12.64],[92.7,12.56],[92.7,12.52],[92.7,12.5],[92.7,12.42],[92.7,12.34],[92.72,12.3],[92.78,12.32],[92.8,12.32],[92.84,12.3],[92.88,12.32],[92.84,12.4],[92.92,12.44],[92.94,12.46],[92.98,12.54],[92.96,12.6],[92.98,12.72],[92.94,12.78],[92.96,12.8],[92.92,12.88],[92.9,12.92]]],[[[92.7,13],[92.68,12.96],[92.66,12.88],[92.64,12.86],[92.68,12.8],[92.72,12.88],[92.72,12.98],[92.7,13]]],[[[93.02,13.58],[92.96,13.54],[92.92,13.54],[92.92,13.5],[92.88,13.48],[92.88,13.42],[92.84,13.36],[92.82,13.28],[92.84,13.24],[92.8,13.16],[92.82,13.1],[92.8,13.08],[92.8,13.02],[92.8,12.9],[92.88,12.88],[92.86,12.94],[92.92,13.06],[92.96,13.02],[93,13.04],[93.04,13.06],[93.04,13.18],[93.06,13.24],[93.02,13.3],[92.98,13.32],[93,13.36],[93.04,13.32],[93.08,13.32],[93.04,13.46],[93.04,13.5],[93.02,13.58]]]]},"properties":{"ID_0":105,"ISO":"IND","NAME_0":"India","ID_1":1,"NAME_1":"Andaman and Nicobar"}},
{"type":"Feature","geometry":{"type":"Polygon","coordinates":[[[77.5,15.92],[77.58,15.9],[77.68,15.88],[77.72,15.88],[77.8,15.86],[77.86,15.88],[77.88,15.9],[78,15.86],[78.04,15.9],[78.06,15.84],[78.1,15.82],[78.12,15.84],[78.16,15.84],[78.18,15.9],[78.24,15.94],[78.26,16.04],[78.32,16.02],[78.34,16.06],[78.4,16.08],[78.46,16.08],[78.56,16.06],[78.6,16.1],[78.64,16.1],[78.68,16.04],[78.74,16.02],[78.8,16.04],[78.84,16.08],[78.84,16.16],[78.86,16.16],[78.88,16.12],[78.92,16.12],[78.9,16.2],[79.02,16.24],[79.12,16.24],[79.18,16.22],[79.22,16.26],[79.22,16.34],[79.22,16.36],[79.22,16.44],[79.24,16.46],[79.24,16.52],[79.26,16.56],[79.34,16.58],[79.42,16.58],[79.5,16.64],[79.54,16.64],[79.6,16.66],[79.64,16.66],[79.68,16.7],[79.72,16.7],[79.78,16.72],[79.82,16.7],[79.86,16.7],[79.9,16.64],[79.94,16.64],[80,16.7],[80.04,16.74],[80.06,16.82],[80.04,16.86],[80,16.86],[80.04,16.96],[80.08,16.96],[80.14,16.98],[80.18,17.04],[80.2,17.02],[80.26,17.02],[80.3,16.96],[80.32,16.88],[80.36,16.86],[80.38,16.82],[80.42,16.84],[80.46,16.8],[80.56,16.76],[80.6,16.78],[80.56,16.82],[80.58,16.88],[80.58,16.92],[80.54,16.96],[80.44,16.94],[80.36,16.98],[80.38,17.02],[80.36,17.06],[80.4,17.08],[80.42,17.02],[80.44,17.02],[80.48,17.06],[80.5,17.1],[80.56,17.14],[80.62,17.12],[80.68,17.06],[80.82,17.04],[80.86,17.06],[80.86,17.12],[80.88,17.14],[80.92,17.14],[80.9,17.2],[80.94,17.2],[80.98,17.18],[81.04,17.2],[81.16,17.24],[81.18,17.3],[81.2,17.32],[81.26,17.32],[81.32,17.38],[81.38,17.36],[81.44,17.38],[81.5,17.44],[81.5,17.58],[81.58,17.68],[81.58,17.72],[81.62,17.76],[81.68,17.76],[81.72,17.82],[81.8,17.84],[81.76,17.9],[81.7,17.86],[81.66,17.88],[81.62,17.82],[81.58,17.82],[81.48,17.8],[81.48,17.82],[81.38,17.8],[81.26,17.82],[81.2,17.84],[81.16,17.86],[81.1,17.82],[81.08,17.78],[81.04,17.78],[81,17.84],[80.98,17.92],[80.94,18.12],[80.86,18.14],[80.84,18.2],[80.8,18.16],[80.74,18.18],[80.74,18.22],[80.78,18.24],[80.72,18.36],[80.72,18.4],[80.68,18.46],[80.66,18.48],[80.64,18.52],[80.54,18.58],[80.48,18.62],[80.46,18.62],[80.38,18.6],[80.34,18.58],[80.3,18.68],[80.26,18.72],[80.24,18.7],[80.16,18.7],[80.1,18.68],[80.04,18.72],[80.02,18.76],[79.94,18.78],[79.9,18.84],[79.94,18.86],[79.94,18.94],[79.92,19.04],[79.86,19.06],[79.86,19.1],[79.94,19.18],[79.92,19.22],[79.94,19.28],[79.98,19.4],[79.94,19.46],[79.92,19.5],[79.88,19.5],[79.82,19.54],[79.82,19.56],[79.78,19.6],[79.74,19.6],[79.72,19.58],[79.62,19.56],[79.6,19.5],[79.56,19.52],[79.54,19.54],[79.48,19.5],[79.44,19.54],[79.42,19.54],[79.26,19.62],[79.24,19.52],[79.18,19.46],[79.1,19.52],[79.02,19.54],[78.98,19.58],[78.96,19.64],[78.92,19.66],[78.86,19.66],[78.86,19.7],[78.84,19.76],[78.78,19.78],[78.7,19.78],[78.62,19.8],[78.52,19.82],[78.48,19.82],[78.4,19.84],[78.38,19.88],[78.34,19.88],[78.34,19.84],[78.36,19.78],[78.34,19.72],[78.28,19.68],[78.32,19.6],[78.3,19.56],[78.32,19.46],[78.22,19.44],[78.18,19.4],[78.18,19.36],[78.2,19.34],[78.18,19.24],[78.12,19.24],[78.04,19.28],[77.94,19.34],[77.86,19.3],[77.9,19.28],[77.86,19.24],[77.84,19.18],[77.84,19.12],[77.8,19.1],[77.8,19.06],[77.76,19.06],[77.76,18.98],[77.82,18.98],[77.86,18.96],[77.84,18.92],[77.88,18.9],[77.9,18.86],[77.94,18.84],[77.84,18.8],[77.78,18.7],[77.74,18.68],[77.74,18.58],[77.72,18.56],[77.66,18.52],[77.64,18.56],[77.6,18.54],[77.58,18.46],[77.58,18.44],[77.52,18.34],[77.54,18.3],[77.6,18.28],[77.58,18.24],[77.58,18.18],[77.6,18.16],[77.6,18.08],[77.56,18.08],[77.56,18.04],[77.6,18.02],[77.66,17.96],[77.62,17.94],[77.62,17.9],[77.56,17.86],[77.56,17.84],[77.52,17.82],[77.5,17.78],[77.56,17.76],[77.54,17.72],[77.46,17.7],[77.44,17.58],[77.48,17.56],[77.52,17.58],[77.54,17.54],[77.66,17.52],[77.68,17.5],[77.62,17.46],[77.58,17.42],[77.52,17.42],[77.52,17.36],[77.46,17.34],[77.44,17.28],[77.46,17.28],[77.38,17.22],[77.36,17.16],[77.38,17.14],[77.46,17.1],[77.5,17],[77.48,17],[77.46,16.9],[77.48,16.8],[77.44,16.76],[77.42,16.72],[77.46,16.7],[77.46,16.68],[77.42,16.66],[77.46,16.6],[77.42,16.56],[77.42,16.52],[77.36,16.48],[77.26,16.46],[77.28,16.4],[77.42,16.36],[77.48,16.38],[77.52,16.38],[77.6,16.32],[77.48,16.24],[77.5,16.18],[77.48,16.12],[77.5,16.08],[77.5,16.04],[77.52,16],[77.5,15.92]]]},"properties":{"ID_0":105,"ISO":"IND","NAME_0":"India","ID_1":36,"NAME_1":"Telangana"}},
{"type":"Feature","geometry":{"type":"MultiPolygon","coordinates":[[[[82.34,16.72],[82.28,16.7],[82.26,16.7],[82.26,16.66],[82.32,16.62],[82.34,16.68],[82.34,16.72]]],[[[82.3,16.72],[82.34,16.76],[82.36,16.84],[82.26,16.88],[82.26,16.94],[82.28,16.98],[82.3,17.04],[82.44,17.18],[82.54,17.24],[82.7,17.34],[82.96,17.46],[83,17.5],[83.1,17.54],[83.16,17.56],[83.24,17.62],[83.24,17.64],[83.34,17.72],[83.36,17.76],[83.42,17.82],[83.42,17.86],[83.46,17.9],[83.52,17.94],[83.58,18.02],[83.72,18.12],[83.78,18.14],[83.86,18.18],[83.88,18.2],[83.96,18.22],[84.06,18.28],[84.12,18.32],[84.16,18.38],[84.28,18.5],[84.36,18.56],[84.36,18.58],[84.44,18.66],[84.5,18.74],[84.56,18.8],[84.58,18.88],[84.68,18.98],[84.76,19.08],[84.74,19.08],[84.72,19.1],[84.7,19.1],[84.7,19.12],[84.7,19.16],[84.68,19.14],[84.66,19.16],[84.66,19.14],[84.66,19.12],[84.64,19.12],[84.62,19.12],[84.6,19.12],[84.6,19.1],[84.62,19.1],[84.62,19.08],[84.64,19.08],[84.66,19.06],[84.64,19.06],[84.64,19.04],[84.62,19.06],[84.62,19.04],[84.6,19.04],[84.58,19.02],[84.58,19.04],[84.58,19.06],[84.56,19.06],[84.54,19.04],[84.5,19.04],[84.5,19.02],[84.48,19.02],[84.48,19],[84.48,18.98],[84.44,19],[84.42,19],[84.42,19.02],[84.42,19],[84.42,18.98],[84.44,18.98],[84.42,18.94],[84.42,18.92],[84.38,18.88],[84.34,18.8],[84.28,18.8],[84.24,18.78],[84.22,18.78],[84.16,18.78],[84.1,18.74],[84.04,18.78],[83.88,18.82],[83.84,18.86],[83.84,18.9],[83.78,19],[83.72,18.98],[83.7,18.98],[83.68,19.04],[83.62,19.14],[83.6,19.1],[83.52,19.02],[83.5,19.06],[83.46,19.06],[83.48,19],[83.44,18.94],[83.4,19],[83.34,19],[83.32,18.96],[83.36,18.96],[83.34,18.92],[83.38,18.88],[83.4,18.84],[83.36,18.8],[83.28,18.78],[83.26,18.76],[83.18,18.74],[83.14,18.78],[83.08,18.7],[83.06,18.66],[83.02,18.64],[83,18.58],[83.06,18.54],[83.08,18.54],[83.06,18.48],[83.02,18.44],[83.06,18.4],[83.04,18.38],[83,18.38],[82.98,18.36],[82.9,18.36],[82.9,18.4],[82.8,18.44],[82.78,18.42],[82.78,18.36],[82.76,18.34],[82.7,18.3],[82.66,18.3],[82.64,18.22],[82.58,18.26],[82.6,18.36],[82.54,18.4],[82.52,18.5],[82.48,18.52],[82.42,18.48],[82.36,18.4],[82.38,18.38],[82.34,18.32],[82.4,18.3],[82.36,18.28],[82.34,18.26],[82.34,18.22],[82.3,18.2],[82.34,18.14],[82.34,18.04],[82.26,18.04],[82.26,17.98],[82.24,17.98],[82.16,18.04],[82.02,18.06],[82,18.02],[81.94,17.98],[81.8,17.94],[81.76,17.9],[81.8,17.84],[81.72,17.82],[81.68,17.76],[81.62,17.76],[81.58,17.72],[81.58,17.68],[81.5,17.58],[81.5,17.44],[81.44,17.38],[81.38,17.36],[81.32,17.38],[81.26,17.32],[81.2,17.32],[81.18,17.3],[81.16,17.24],[81.04,17.2],[80.98,17.18],[80.94,17.2],[80.9,17.2],[80.92,17.14],[80.88,17.14],[80.86,17.12],[80.86,17.06],[80.82,17.04],[80.68,17.06],[80.62,17.12],[80.56,17.14],[80.5,17.1],[80.48,17.06],[80.44,17.02],[80.42,17.02],[80.4,17.08],[80.36,17.06],[80.38,17.02],[80.36,16.98],[80.44,16.94],[80.54,16.96],[80.58,16.92],[80.58,16.88],[80.56,16.82],[80.6,16.78],[80.56,16.76],[80.46,16.8],[80.42,16.84],[80.38,16.82],[80.36,16.86],[80.32,16.88],[80.3,16.96],[80.26,17.02],[80.2,17.02],[80.18,17.04],[80.14,16.98],[80.08,16.96],[80.04,16.96],[80,16.86],[80.04,16.86],[80.06,16.82],[80.04,16.74],[80,16.7],[79.94,16.64],[79.9,16.64],[79.86,16.7],[79.82,16.7],[79.78,16.72],[79.72,16.7],[79.68,16.7],[79.64,16.66],[79.6,16.66],[79.54,16.64],[79.5,16.64],[79.42,16.58],[79.34,16.58],[79.26,16.56],[79.24,16.52],[79.24,16.46],[79.22,16.44],[79.22,16.36],[79.22,16.34],[79.22,16.26],[79.18,16.22],[79.12,16.24],[79.02,16.24],[78.9,16.2],[78.92,16.12],[78.88,16.12],[78.86,16.16],[78.84,16.16],[78.84,16.08],[78.8,16.04],[78.74,16.02],[78.68,16.04],[78.64,16.1],[78.6,16.1],[78.56,16.06],[78.46,16.08],[78.4,16.08],[78.34,16.06],[78.32,16.02],[78.26,16.04],[78.24,15.94],[78.18,15.9],[78.16,15.84],[78.12,15.84],[78.1,15.82],[78.06,15.84],[78.04,15.9],[78,15.86],[77.88,15.9],[77.86,15.88],[77.8,15.86],[77.72,15.88],[77.68,15.88],[77.58,15.9],[77.5,15.92],[77.42,15.94],[77.36,15.94],[77.24,15.96],[77.14,15.94],[77.08,15.9],[77.04,15.86],[77.06,15.82],[77.04,15.72],[77.08,15.7],[77.08,15.66],[77.02,15.62],[77.02,15.5],[76.98,15.5],[77.02,15.44],[77.04,15.36],[77.06,15.32],[77.1,15.32],[77.12,15.28],[77.14,15.28],[77.14,15.22],[77.16,15.16],[77.14,15.1],[77.12,15.1],[77.1,15.02],[77.08,15],[77.04,15.02],[77,15.02],[76.96,15.02],[76.92,15.04],[76.88,15.02],[76.86,15.06],[76.8,15.1],[76.78,15.06],[76.78,15.02],[76.76,14.96],[76.86,14.96],[76.86,14.9],[76.84,14.78],[76.78,14.78],[76.8,14.74],[76.78,14.68],[76.76,14.6],[76.8,14.52],[76.84,14.5],[76.86,14.48],[76.9,14.48],[76.98,14.48],[76.88,14.4],[76.88,14.36],[76.9,14.32],[76.94,14.3],[76.92,14.28],[76.94,14.24],[77,14.24],[77.04,14.24],[77.08,14.2],[77.1,14.22],[77.12,14.28],[77.16,14.34],[77.2,14.32],[77.24,14.32],[77.28,14.34],[77.28,14.28],[77.36,14.26],[77.36,14.24],[77.38,14.2],[77.42,14.2],[77.4,14.26],[77.38,14.3],[77.4,14.32],[77.44,14.3],[77.5,14.26],[77.5,14.22],[77.52,14.18],[77.38,14.16],[77.38,14.12],[77.4,14.1],[77.34,14.06],[77.32,14.02],[77.38,14],[77.38,13.98],[77.42,13.9],[77.34,13.9],[77.34,13.96],[77.32,14.02],[77.28,14],[77.14,14],[77.12,14.04],[77.02,14.06],[77.02,14.1],[77.02,14.18],[76.96,14.18],[76.9,14.16],[76.88,14.14],[76.94,14.12],[76.98,14.06],[76.94,14.02],[77,13.98],[76.98,13.96],[77.04,13.92],[77,13.86],[76.96,13.82],[77,13.74],[77.04,13.76],[77.06,13.74],[77.1,13.76],[77.16,13.76],[77.16,13.82],[77.14,13.86],[77.2,13.86],[77.24,13.9],[77.26,13.84],[77.3,13.86],[77.42,13.82],[77.46,13.74],[77.44,13.7],[77.52,13.7],[77.58,13.74],[77.62,13.76],[77.68,13.78],[77.7,13.76],[77.72,13.8],[77.82,13.86],[77.8,13.92],[77.86,13.92],[77.92,13.9],[77.96,13.92],[77.98,13.9],[77.94,13.88],[78.04,13.86],[78.04,13.88],[78.1,13.86],[78.12,13.78],[78.08,13.74],[78.1,13.72],[78.08,13.66],[78.14,13.64],[78.2,13.6],[78.24,13.58],[78.32,13.58],[78.38,13.58],[78.4,13.56],[78.36,13.5],[78.38,13.4],[78.36,13.36],[78.42,13.32],[78.44,13.3],[78.5,13.28],[78.56,13.28],[78.56,13.18],[78.5,13.12],[78.5,13.06],[78.46,13.04],[78.46,12.96],[78.42,12.96],[78.42,12.88],[78.38,12.9],[78.34,12.92],[78.32,12.9],[78.3,12.84],[78.24,12.84],[78.24,12.82],[78.22,12.76],[78.22,12.68],[78.26,12.7],[78.3,12.66],[78.36,12.62],[78.46,12.62],[78.46,12.66],[78.56,12.7],[78.54,12.72],[78.58,12.76],[78.6,12.84],[78.62,12.92],[78.62,12.98],[78.66,13.02],[78.7,13],[78.7,13.06],[78.74,13.04],[78.8,13.08],[78.94,13.06],[78.98,13.08],[79.06,13.04],[79.16,13],[79.2,13.08],[79.22,13.14],[79.28,13.14],[79.3,13.12],[79.36,13.12],[79.34,13.16],[79.38,13.18],[79.42,13.18],[79.4,13.24],[79.42,13.32],[79.54,13.32],[79.56,13.24],[79.6,13.26],[79.66,13.28],[79.68,13.24],[79.74,13.2],[79.78,13.22],[79.72,13.26],[79.78,13.28],[79.8,13.3],[79.86,13.3],[79.92,13.34],[79.96,13.38],[79.96,13.46],[80,13.48],[79.98,13.52],[80.04,13.52],[80.06,13.54],[80.08,13.52],[80.1,13.5],[80.12,13.5],[80.14,13.5],[80.14,13.48],[80.16,13.48],[80.22,13.48],[80.26,13.44],[80.28,13.38],[80.32,13.38],[80.32,13.42],[80.28,13.44],[80.26,13.48],[80.1,13.52],[80.06,13.58],[80.08,13.64],[80.1,13.66],[80.14,13.62],[80.16,13.7],[80.18,13.64],[80.24,13.62],[80.24,13.66],[80.26,13.78],[80.24,13.82],[80.14,14.02],[80.12,14.16],[80.14,14.28],[80.16,14.36],[80.18,14.54],[80.2,14.6],[80.16,14.62],[80.14,14.7],[80.12,14.74],[80.08,14.82],[80.08,14.88],[80.06,14.92],[80.06,15.02],[80.04,15.08],[80.08,15.22],[80.08,15.26],[80.12,15.38],[80.2,15.46],[80.24,15.6],[80.28,15.68],[80.34,15.74],[80.46,15.82],[80.56,15.86],[80.64,15.88],[80.72,15.88],[80.78,15.86],[80.82,15.84],[80.8,15.8],[80.8,15.74],[80.84,15.7],[80.94,15.72],[81,15.76],[81,15.82],[81.08,15.94],[81.14,15.98],[81.14,16.02],[81.18,16.1],[81.2,16.18],[81.24,16.24],[81.32,16.32],[81.4,16.34],[81.54,16.36],[81.56,16.34],[81.68,16.34],[81.72,16.32],[81.84,16.36],[81.94,16.4],[82.22,16.54],[82.26,16.56],[82.3,16.6],[82.26,16.66],[82.26,16.7],[82.3,16.72]]]]},"properties":{"ID_0":105,"ISO":"IND","NAME_0":"India","ID_1":2,"NAME_1":"Andhra Pradesh"}},
{"type":"Feature","geometry":{"type":"Polygon","coordinates":[[[95.24,26.68],[95.3,26.66],[95.34,26.68],[95.42,26.7],[95.48,26.76],[95.52,26.82],[95.54,26.84],[95.62,26.82],[95.64,26.88],[95.68,26.92],[95.7,26.88],[95.76,26.9],[95.76,26.96],[95.82,27.02],[95.88,27.02],[95.96,27.06],[96.04,27.2],[96.24,27.28],[96.28,27.28],[96.32,27.3],[96.34,27.28],[96.44,27.3],[96.54,27.3],[96.6,27.34],[96.62,27.38],[96.8,27.36],[96.88,27.26],[96.9,27.24],[96.86,27.2],[96.92,27.18],[96.98,27.16],[97.06,27.12],[97.1,27.12],[97.14,27.1],[97.18,27.14],[97.14,27.18],[97.1,27.22],[97.1,27.24],[97,27.32],[96.96,27.42],[96.92,27.46],[96.94,27.54],[96.92,27.56],[96.9,27.62],[96.92,27.66],[96.98,27.68],[97.02,27.74],[97.06,27.76],[97.1,27.8],[97.16,27.82],[97.26,27.9],[97.3,27.92],[97.34,27.9],[97.38,27.92],[97.38,27.98],[97.4,28.04],[97.36,28.06],[97.32,28.06],[97.34,28.12],[97.34,28.16],[97.38,28.2],[97.38,28.22],[97.28,28.28],[97.24,28.28],[97.22,28.3],[97.16,28.3],[97.12,28.36],[97.1,28.36],[97.06,28.36],[97,28.32],[96.92,28.34],[96.9,28.38],[96.82,28.36],[96.78,28.38],[96.76,28.42],[96.66,28.46],[96.6,28.46],[96.52,28.42],[96.46,28.42],[96.4,28.34],[96.38,28.4],[96.32,28.38],[96.26,28.42],[96.36,28.48],[96.36,28.5],[96.32,28.54],[96.36,28.56],[96.4,28.56],[96.5,28.64],[96.48,28.68],[96.54,28.72],[96.58,28.72],[96.62,28.76],[96.6,28.8],[96.54,28.88],[96.52,28.96],[96.48,29],[96.52,29.08],[96.44,29.04],[96.34,29.04],[96.3,29],[96.22,28.92],[96.16,28.9],[96.14,28.94],[96.18,28.98],[96.16,29.06],[96.22,29.14],[96.26,29.16],[96.34,29.18],[96.4,29.26],[96.38,29.28],[96.32,29.26],[96.3,29.24],[96.24,29.24],[96.18,29.3],[96.18,29.34],[96.14,29.4],[96.1,29.46],[96.06,29.46],[95.96,29.38],[95.88,29.4],[95.84,29.36],[95.78,29.36],[95.72,29.3],[95.7,29.3],[95.64,29.24],[95.6,29.26],[95.58,29.22],[95.54,29.22],[95.54,29.12],[95.5,29.14],[95.48,29.08],[95.46,29.04],[95.42,29.04],[95.3,29.06],[95.26,29.06],[95.26,29.1],[95.12,29.12],[95.1,29.14],[95.04,29.16],[95.02,29.14],[94.96,29.16],[94.92,29.16],[94.88,29.18],[94.8,29.16],[94.8,29.2],[94.76,29.26],[94.68,29.32],[94.62,29.34],[94.62,29.3],[94.58,29.28],[94.56,29.22],[94.5,29.22],[94.44,29.22],[94.38,29.2],[94.36,29.16],[94.28,29.14],[94.22,29.08],[94.18,29.04],[94.16,28.96],[94.08,28.9],[94.04,28.86],[94,28.84],[93.96,28.76],[93.94,28.68],[93.9,28.68],[93.84,28.7],[93.78,28.66],[93.74,28.68],[93.6,28.66],[93.52,28.66],[93.5,28.68],[93.44,28.68],[93.42,28.66],[93.34,28.64],[93.3,28.6],[93.3,28.56],[93.28,28.5],[93.22,28.48],[93.2,28.42],[93.24,28.4],[93.22,28.34],[93.2,28.32],[93.12,28.32],[93.1,28.3],[93.02,28.3],[93.04,28.26],[93,28.24],[92.96,28.26],[92.92,28.24],[92.9,28.2],[92.82,28.18],[92.78,28.18],[92.68,28.12],[92.66,28.06],[92.7,28.04],[92.74,27.98],[92.66,27.9],[92.6,27.88],[92.56,27.82],[92.5,27.84],[92.44,27.8],[92.42,27.82],[92.38,27.8],[92.3,27.78],[92.26,27.86],[92.2,27.86],[92.16,27.84],[92.06,27.76],[91.98,27.76],[91.94,27.72],[91.88,27.72],[91.82,27.8],[91.78,27.8],[91.7,27.82],[91.66,27.86],[91.56,27.86],[91.62,27.8],[91.62,27.7],[91.6,27.68],[91.56,27.64],[91.56,27.58],[91.6,27.54],[91.66,27.48],[91.7,27.5],[91.72,27.48],[91.78,27.46],[91.84,27.48],[91.94,27.46],[92.02,27.46],[92.06,27.4],[92.06,27.32],[92.12,27.3],[92.08,27.28],[92.06,27.18],[92.02,27.18],[92.04,27.14],[92.02,27.08],[92.1,27],[92.12,26.94],[92.1,26.9],[92.2,26.9],[92.36,26.94],[92.4,26.92],[92.44,26.96],[92.58,26.96],[92.64,26.98],[92.66,27.04],[92.72,27.02],[92.76,27.04],[92.88,27],[92.92,26.96],[93.02,26.92],[93.18,26.94],[93.26,26.96],[93.34,26.96],[93.44,26.96],[93.46,26.94],[93.58,26.96],[93.68,26.98],[93.72,27.02],[93.84,27.08],[93.8,27.16],[93.86,27.2],[93.9,27.24],[94,27.34],[94.06,27.36],[94.08,27.4],[94.16,27.46],[94.16,27.48],[94.26,27.52],[94.26,27.56],[94.22,27.58],[94.24,27.64],[94.28,27.6],[94.36,27.58],[94.42,27.6],[94.46,27.58],[94.5,27.58],[94.6,27.62],[94.64,27.64],[94.7,27.66],[94.74,27.66],[94.8,27.7],[94.84,27.72],[94.86,27.74],[94.98,27.78],[95.32,27.88],[95.38,27.84],[95.52,27.88],[95.6,27.96],[95.82,27.98],[95.98,27.96],[95.96,27.92],[95.88,27.84],[95.82,27.8],[95.78,27.76],[95.78,27.72],[95.8,27.6],[95.86,27.56],[95.88,27.56],[95.88,27.44],[95.98,27.44],[96.02,27.38],[95.96,27.32],[95.88,27.26],[95.86,27.3],[95.68,27.26],[95.6,27.22],[95.54,27.28],[95.48,27.24],[95.46,27.2],[95.46,27.14],[95.36,27.12],[95.3,27.08],[95.24,27.04],[95.2,27.04],[95.2,26.98],[95.22,26.88],[95.18,26.86],[95.22,26.8],[95.24,26.78],[95.22,26.74],[95.24,26.68]]]},"properties":{"ID_0":105,"ISO":"IND","NAME_0":"India","ID_1":3,"NAME_1":"Arunachal Pradesh"}},
{"type":"Feature","geometry":{"type":"MultiPolygon","coordinates":[[[[89.88,25.54],[89.86,25.48],[89.88,25.48],[89.88,25.52],[89.88,25.54]]],[[[95.2,27.04],[95.24,27.04],[95.3,27.08],[95.36,27.12],[95.46,27.14],[95.46,27.2],[95.48,27.24],[95.54,27.28],[95.6,27.22],[95.68,27.26],[95.86,27.3],[95.88,27.26],[95.96,27.32],[96.02,27.38],[95.98,27.44],[95.88,27.44],[95.88,27.56],[95.86,27.56],[95.8,27.6],[95.78,27.72],[95.78,27.76],[95.82,27.8],[95.88,27.84],[95.96,27.92],[95.98,27.96],[95.82,27.98],[95.6,27.96],[95.52,27.88],[95.38,27.84],[95.32,27.88],[94.98,27.78],[94.86,27.74],[94.84,27.72],[94.8,27.7],[94.74,27.66],[94.7,27.66],[94.64,27.64],[94.6,27.62],[94.5,27.58],[94.46,27.58],[94.42,27.6],[94.36,27.58],[94.28,27.6],[94.24,27.64],[94.22,27.58],[94.26,27.56],[94.26,27.52],[94.16,27.48],[94.16,27.46],[94.08,27.4],[94.06,27.36],[94,27.34],[93.9,27.24],[93.86,27.2],[93.8,27.16],[93.84,27.08],[93.72,27.02],[93.68,26.98],[93.58,26.96],[93.46,26.94],[93.44,26.96],[93.34,26.96],[93.26,26.96],[93.18,26.94],[93.02,26.92],[92.92,26.96],[92.88,27],[92.76,27.04],[92.72,27.02],[92.66,27.04],[92.64,26.98],[92.58,26.96],[92.44,26.96],[92.4,26.92],[92.36,26.94],[92.2,26.9],[92.1,26.9],[92.06,26.84],[91.98,26.86],[91.9,26.92],[91.86,26.92],[91.8,26.86],[91.72,26.82],[91.68,26.8],[91.62,26.82],[91.6,26.8],[91.48,26.8],[91.4,26.84],[91.38,26.8],[91.34,26.78],[91.26,26.8],[91.12,26.8],[91.08,26.82],[91.06,26.78],[91,26.78],[90.9,26.78],[90.64,26.78],[90.64,26.8],[90.56,26.8],[90.4,26.9],[90.36,26.9],[90.32,26.86],[90.22,26.86],[90.2,26.84],[90.18,26.78],[90.06,26.72],[90,26.74],[89.96,26.72],[89.88,26.72],[89.86,26.7],[89.88,26.68],[89.88,26.58],[89.86,26.58],[89.86,26.48],[89.86,26.44],[89.84,26.42],[89.86,26.38],[89.78,26.36],[89.76,26.32],[89.76,26.3],[89.76,26.28],[89.74,26.3],[89.72,26.3],[89.72,26.28],[89.74,26.26],[89.72,26.26],[89.7,26.26],[89.72,26.26],[89.72,26.24],[89.72,26.22],[89.7,26.22],[89.72,26.22],[89.72,26.2],[89.72,26.18],[89.7,26.18],[89.72,26.18],[89.74,26.18],[89.72,26.16],[89.74,26.16],[89.82,26],[89.86,25.98],[89.84,25.94],[89.88,25.94],[89.82,25.82],[89.84,25.76],[89.84,25.74],[89.88,25.66],[89.88,25.6],[89.88,25.54],[89.92,25.56],[90,25.58],[90,25.62],[89.98,25.64],[89.94,25.68],[89.92,25.7],[89.9,25.74],[89.92,25.74],[89.96,25.78],[89.96,25.82],[89.94,25.82],[89.96,25.82],[90,25.84],[90.02,25.84],[90.02,25.86],[90.02,25.88],[90.02,25.9],[90.06,25.9],[90.06,25.92],[90.08,25.92],[90.1,25.92],[90.1,25.94],[90.12,25.96],[90.22,25.96],[90.32,25.98],[90.36,26.02],[90.4,26.02],[90.42,25.98],[90.48,26.02],[90.54,25.96],[90.58,25.96],[90.62,25.94],[90.72,25.96],[90.74,25.92],[90.78,25.9],[90.8,25.94],[90.88,25.96],[90.96,25.94],[90.96,25.88],[91.02,25.88],[91,25.82],[91.04,25.84],[91.06,25.82],[91.12,25.84],[91.16,25.86],[91.2,25.84],[91.18,25.78],[91.18,25.74],[91.22,25.72],[91.28,25.74],[91.34,25.84],[91.42,25.86],[91.46,25.86],[91.52,25.96],[91.56,25.98],[91.58,26.02],[91.64,26.02],[91.64,25.94],[91.66,25.9],[91.72,25.96],[91.74,26.06],[91.8,26.08],[91.82,26.12],[91.88,26.1],[91.88,26.04],[91.94,26.02],[92,26.04],[92.06,26.04],[92.14,26.04],[92.18,26.08],[92.24,26.06],[92.26,26.02],[92.16,25.96],[92.16,25.92],[92.22,25.9],[92.18,25.88],[92.16,25.82],[92.16,25.74],[92.16,25.7],[92.16,25.66],[92.24,25.7],[92.34,25.72],[92.38,25.74],[92.42,25.74],[92.44,25.68],[92.46,25.68],[92.5,25.62],[92.56,25.62],[92.56,25.58],[92.58,25.56],[92.66,25.58],[92.64,25.54],[92.58,25.5],[92.6,25.42],[92.66,25.44],[92.76,25.34],[92.8,25.28],[92.76,25.26],[92.78,25.2],[92.74,25.2],[92.68,25.18],[92.62,25.12],[92.52,25.14],[92.52,25.1],[92.48,25.1],[92.46,25.06],[92.42,25.04],[92.42,25],[92.46,24.94],[92.5,24.94],[92.5,24.88],[92.4,24.86],[92.32,24.9],[92.24,24.92],[92.24,24.84],[92.28,24.84],[92.3,24.74],[92.26,24.68],[92.24,24.6],[92.24,24.5],[92.24,24.46],[92.26,24.44],[92.28,24.38],[92.22,24.24],[92.3,24.26],[92.32,24.26],[92.42,24.26],[92.42,24.2],[92.44,24.18],[92.44,24.16],[92.46,24.14],[92.48,24.14],[92.48,24.16],[92.5,24.16],[92.52,24.16],[92.5,24.16],[92.52,24.18],[92.56,24.24],[92.62,24.26],[92.62,24.34],[92.7,24.36],[92.76,24.52],[92.8,24.42],[92.84,24.38],[92.92,24.42],[92.94,24.4],[93,24.4],[93.04,24.42],[93.04,24.48],[93.04,24.5],[93.06,24.54],[93.1,24.58],[93.08,24.64],[93.08,24.7],[93.12,24.8],[93.16,24.8],[93.2,24.8],[93.2,24.84],[93.26,24.92],[93.26,24.96],[93.24,25],[93.26,25.04],[93.3,25.04],[93.34,25.1],[93.36,25.18],[93.4,25.26],[93.48,25.3],[93.46,25.34],[93.48,25.38],[93.46,25.44],[93.4,25.46],[93.4,25.48],[93.34,25.54],[93.38,25.56],[93.42,25.62],[93.48,25.64],[93.54,25.7],[93.54,25.72],[93.62,25.78],[93.64,25.82],[93.7,25.86],[93.68,25.9],[93.78,25.96],[93.8,25.9],[93.78,25.84],[93.8,25.82],[93.86,25.86],[93.88,25.84],[93.92,25.88],[93.98,25.92],[93.96,25.98],[93.96,26],[93.98,26.08],[94.02,26.18],[94.04,26.2],[94.1,26.32],[94.16,26.36],[94.18,26.38],[94.18,26.46],[94.28,26.56],[94.3,26.48],[94.32,26.48],[94.4,26.52],[94.42,26.58],[94.4,26.62],[94.46,26.64],[94.54,26.72],[94.6,26.7],[94.62,26.72],[94.68,26.74],[94.78,26.8],[94.8,26.8],[94.82,26.86],[94.88,26.94],[94.96,26.94],[94.98,26.92],[95.08,26.96],[95.2,27.04]]]]},"properties":{"ID_0":105,"ISO":"IND","NAME_0":"India","ID_1":4,"NAME_1":"Assam"}},
{"type":"Feature","geometry":{"type":"Polygon","coordinates":[[[88.1,26.54],[88.1,26.44],[88.02,26.38],[87.94,26.42],[87.9,26.48],[87.86,26.46],[87.86,26.44],[87.8,26.46],[87.78,26.42],[87.74,26.4],[87.72,26.42],[87.66,26.4],[87.6,26.4],[87.52,26.44],[87.46,26.44],[87.4,26.42],[87.32,26.36],[87.26,26.38],[87.26,26.4],[87.18,26.42],[87.16,26.4],[87.1,26.46],[87.08,26.58],[87.02,26.54],[86.94,26.52],[86.94,26.48],[86.84,26.44],[86.78,26.46],[86.74,26.42],[86.64,26.46],[86.56,26.5],[86.54,26.54],[86.5,26.54],[86.46,26.56],[86.32,26.62],[86.26,26.62],[86.24,26.6],[86.2,26.62],[86.16,26.6],[86.08,26.66],[86.04,26.66],[85.96,26.64],[85.96,26.62],[85.86,26.56],[85.86,26.6],[85.74,26.64],[85.72,26.68],[85.74,26.8],[85.68,26.84],[85.6,26.86],[85.54,26.84],[85.5,26.8],[85.46,26.78],[85.4,26.8],[85.34,26.74],[85.2,26.76],[85.18,26.82],[85.2,26.86],[85.12,26.88],[85.04,26.86],[85.04,26.9],[84.98,26.92],[84.96,26.96],[84.86,26.98],[84.82,27.02],[84.8,27],[84.76,27],[84.64,27.04],[84.68,27.1],[84.68,27.18],[84.7,27.22],[84.62,27.34],[84.44,27.38],[84.4,27.36],[84.3,27.38],[84.26,27.46],[84.16,27.48],[84.16,27.52],[84.12,27.52],[84.06,27.44],[83.94,27.44],[83.88,27.42],[83.88,27.36],[83.86,27.36],[83.86,27.32],[83.9,27.34],[83.9,27.28],[83.9,27.26],[83.9,27.24],[83.94,27.24],[83.96,27.22],[83.98,27.2],[83.98,27.18],[83.96,27.16],[83.96,27.14],[83.96,27.12],[83.94,27.12],[83.94,27.1],[83.94,27.08],[83.98,27.1],[84,27.1],[84.02,27.1],[84.02,27.08],[84,27.06],[84.02,27.04],[84.04,27.04],[84.04,27],[84.04,26.98],[84.04,26.96],[84.04,26.94],[84.02,26.94],[84.04,26.94],[84.04,26.92],[84.04,26.9],[84.06,26.9],[84.04,26.9],[84.06,26.9],[84.08,26.88],[84.1,26.88],[84.14,26.88],[84.16,26.84],[84.18,26.84],[84.18,26.86],[84.2,26.88],[84.22,26.88],[84.24,26.86],[84.26,26.84],[84.24,26.82],[84.26,26.8],[84.24,26.8],[84.24,26.78],[84.22,26.76],[84.24,26.74],[84.26,26.74],[84.28,26.76],[84.3,26.76],[84.3,26.74],[84.32,26.72],[84.32,26.68],[84.34,26.68],[84.36,26.68],[84.4,26.68],[84.42,26.62],[84.3,26.62],[84.28,26.6],[84.16,26.64],[84.08,26.64],[84.08,26.62],[84.04,26.54],[83.96,26.52],[83.9,26.5],[83.9,26.46],[83.98,26.44],[84.02,26.44],[84.06,26.4],[84.18,26.38],[84.18,26.32],[84.16,26.26],[84.08,26.22],[84.04,26.24],[84,26.2],[84.02,26.16],[84.04,26.1],[84.1,26.1],[84.14,26.04],[84.3,25.94],[84.36,25.96],[84.4,25.94],[84.44,25.9],[84.52,25.88],[84.54,25.84],[84.62,25.8],[84.6,25.76],[84.56,25.74],[84.56,25.7],[84.52,25.68],[84.46,25.68],[84.44,25.72],[84.4,25.7],[84.4,25.72],[84.32,25.74],[84.32,25.68],[84.22,25.66],[84.16,25.72],[84.1,25.72],[84.06,25.7],[84.08,25.64],[84.02,25.62],[83.92,25.56],[83.78,25.4],[83.7,25.4],[83.62,25.34],[83.54,25.32],[83.48,25.28],[83.46,25.26],[83.4,25.24],[83.38,25.2],[83.34,25.2],[83.36,25.14],[83.32,25.04],[83.36,24.96],[83.36,24.9],[83.4,24.84],[83.38,24.78],[83.46,24.74],[83.48,24.74],[83.52,24.68],[83.5,24.66],[83.54,24.62],[83.52,24.54],[83.5,24.52],[83.6,24.52],[83.68,24.52],[83.72,24.5],[83.8,24.52],[83.86,24.54],[83.92,24.54],[83.98,24.6],[84,24.64],[84.04,24.62],[84.1,24.48],[84.18,24.54],[84.22,24.56],[84.26,24.54],[84.3,24.56],[84.32,24.48],[84.3,24.46],[84.34,24.44],[84.34,24.4],[84.38,24.38],[84.4,24.36],[84.46,24.34],[84.5,24.28],[84.58,24.42],[84.66,24.4],[84.68,24.46],[84.74,24.5],[84.82,24.52],[84.82,24.48],[84.86,24.46],[84.9,24.38],[84.96,24.38],[85,24.42],[85.04,24.42],[85.12,24.4],[85.16,24.42],[85.16,24.46],[85.22,24.48],[85.28,24.52],[85.44,24.54],[85.5,24.56],[85.54,24.54],[85.6,24.58],[85.66,24.58],[85.68,24.62],[85.66,24.68],[85.7,24.72],[85.7,24.76],[85.74,24.82],[85.78,24.8],[85.82,24.8],[85.88,24.8],[85.92,24.76],[85.96,24.74],[86.04,24.78],[86.06,24.76],[86.1,24.74],[86.14,24.68],[86.12,24.62],[86.16,24.58],[86.22,24.6],[86.3,24.58],[86.32,24.5],[86.3,24.48],[86.32,24.44],[86.36,24.44],[86.42,24.38],[86.46,24.38],[86.48,24.42],[86.5,24.48],[86.52,24.54],[86.58,24.58],[86.6,24.6],[86.66,24.56],[86.8,24.62],[86.8,24.56],[86.86,24.56],[86.94,24.64],[87.02,24.6],[87.04,24.62],[87.08,24.72],[87.08,24.8],[87.1,24.84],[87.14,24.86],[87.16,25],[87.14,25.02],[87.18,25.06],[87.26,25.1],[87.3,25.08],[87.32,25.22],[87.36,25.2],[87.4,25.22],[87.48,25.2],[87.48,25.24],[87.54,25.3],[87.56,25.34],[87.6,25.32],[87.68,25.32],[87.7,25.26],[87.78,25.24],[87.78,25.22],[87.84,25.26],[87.86,25.3],[87.78,25.34],[87.78,25.38],[87.76,25.4],[87.78,25.44],[87.86,25.46],[87.86,25.5],[87.92,25.54],[87.96,25.54],[88,25.5],[88.06,25.48],[88.06,25.5],[88.06,25.52],[88.04,25.54],[88.02,25.56],[88.04,25.56],[88.02,25.56],[88.04,25.58],[88.04,25.6],[88.02,25.6],[88.04,25.6],[88.04,25.62],[88.04,25.64],[88.04,25.66],[88.04,25.68],[88.04,25.7],[87.98,25.72],[87.9,25.78],[87.92,25.86],[87.82,25.88],[87.8,25.92],[87.82,25.94],[87.82,25.96],[87.84,25.96],[87.82,25.98],[87.82,26],[87.84,26],[87.84,26.04],[87.88,26.06],[87.88,26.08],[87.9,26.08],[87.92,26.08],[87.94,26.06],[87.96,26.08],[87.98,26.08],[87.96,26.1],[87.96,26.12],[87.96,26.14],[87.98,26.16],[88,26.14],[88.02,26.14],[88.02,26.16],[88.04,26.18],[88.06,26.18],[88.08,26.18],[88.08,26.2],[88.1,26.2],[88.1,26.22],[88.12,26.22],[88.14,26.24],[88.16,26.26],[88.18,26.26],[88.2,26.28],[88.22,26.28],[88.22,26.3],[88.26,26.34],[88.28,26.34],[88.28,26.36],[88.26,26.38],[88.24,26.38],[88.24,26.4],[88.26,26.44],[88.24,26.44],[88.18,26.5],[88.24,26.54],[88.18,26.54],[88.14,26.52],[88.1,26.54]]]},"properties":{"ID_0":105,"ISO":"IND","NAME_0":"India","ID_1":5,"NAME_1":"Bihar"}},
{"type":"Feature","geometry":{"type":"Polygon","coordinates":[[[76.82,30.68],[76.82,30.7],[76.82,30.74],[76.82,30.76],[76.8,30.76],[76.8,30.78],[76.78,30.78],[76.76,30.8],[76.74,30.8],[76.74,30.78],[76.72,30.78],[76.72,30.76],[76.7,30.76],[76.7,30.74],[76.72,30.72],[76.72,30.7],[76.74,30.7],[76.74,30.68],[76.8,30.66],[76.8,30.68],[76.82,30.68]]]},"properties":{"ID_0":105,"ISO":"IND","NAME_0":"India","ID_1":6,"NAME_1":"Chandigarh"}},
{"type":"Feature","geometry":{"type":"Polygon","coordinates":[[[84,22.52],[84,22.56],[84.04,22.6],[84.08,22.64],[84.14,22.64],[84.24,22.68],[84.22,22.74],[84.28,22.76],[84.3,22.8],[84.32,22.84],[84.38,22.88],[84.38,22.94],[84.38,22.98],[84.34,22.98],[84.28,22.96],[84.22,22.98],[84.18,23.02],[84.14,22.98],[84.12,23.04],[84.14,23.06],[84.08,23.1],[84.06,23.1],[84.02,23.16],[84.06,23.2],[84.06,23.24],[84.08,23.32],[84.04,23.38],[84,23.36],[83.96,23.38],[83.96,23.44],[84,23.5],[84.02,23.54],[84.02,23.6],[83.98,23.64],[83.94,23.62],[83.94,23.56],[83.78,23.6],[83.76,23.64],[83.72,23.68],[83.74,23.7],[83.72,23.76],[83.7,23.8],[83.66,23.84],[83.58,23.86],[83.54,23.9],[83.52,23.96],[83.5,24.02],[83.44,24.04],[83.42,24.08],[83.38,24.1],[83.32,24.1],[83.3,24.08],[83.28,24.02],[83.22,23.98],[83.18,23.92],[83.12,23.9],[83.06,23.88],[83.04,23.88],[82.96,23.88],[82.88,23.92],[82.84,23.94],[82.8,23.96],[82.74,23.92],[82.7,23.92],[82.66,23.9],[82.66,23.88],[82.62,23.84],[82.54,23.8],[82.48,23.78],[82.46,23.82],[82.38,23.8],[82.3,23.8],[82.2,23.84],[82.14,23.82],[82.04,23.82],[82,23.86],[81.96,23.86],[81.92,23.88],[81.9,23.84],[81.82,23.8],[81.78,23.82],[81.7,23.86],[81.66,23.92],[81.6,23.9],[81.6,23.86],[81.64,23.8],[81.64,23.78],[81.68,23.72],[81.64,23.66],[81.62,23.66],[81.6,23.6],[81.6,23.52],[81.64,23.5],[81.66,23.54],[81.7,23.52],[81.72,23.56],[81.8,23.54],[81.82,23.52],[81.92,23.54],[81.94,23.5],[81.98,23.42],[82.02,23.42],[82.02,23.38],[82.1,23.4],[82.1,23.36],[82.14,23.36],[82.18,23.32],[82.18,23.28],[82.14,23.22],[82.14,23.16],[82.16,23.14],[82.12,23.1],[82.06,23.12],[82.02,23.08],[81.94,23.08],[81.92,23.04],[81.94,23],[81.94,22.96],[81.92,22.94],[81.86,22.9],[81.76,22.88],[81.76,22.84],[81.78,22.76],[81.74,22.72],[81.76,22.68],[81.68,22.64],[81.64,22.6],[81.64,22.58],[81.6,22.54],[81.56,22.56],[81.52,22.54],[81.48,22.5],[81.44,22.5],[81.38,22.44],[81.38,22.5],[81.32,22.52],[81.22,22.46],[81.18,22.48],[81.14,22.46],[81.1,22.44],[81.1,22.38],[81.12,22.34],[81.12,22.3],[81.08,22.24],[81.02,22.22],[81.02,22.2],[81,22.06],[80.96,22.06],[80.96,22.12],[80.92,22.12],[80.88,22.06],[80.86,22.02],[80.84,21.94],[80.82,21.88],[80.84,21.88],[80.84,21.8],[80.82,21.74],[80.74,21.76],[80.7,21.68],[80.7,21.6],[80.74,21.54],[80.74,21.48],[80.68,21.38],[80.66,21.34],[80.68,21.32],[80.64,21.26],[80.56,21.2],[80.46,21.18],[80.44,21.1],[80.44,21.04],[80.42,21],[80.46,20.92],[80.54,20.94],[80.56,20.82],[80.54,20.8],[80.56,20.72],[80.58,20.68],[80.52,20.66],[80.48,20.62],[80.52,20.58],[80.58,20.62],[80.62,20.6],[80.6,20.44],[80.58,20.4],[80.62,20.32],[80.54,20.3],[80.52,20.26],[80.46,20.26],[80.38,20.24],[80.42,20.18],[80.4,20.14],[80.46,20.14],[80.52,20.12],[80.54,20.06],[80.54,20],[80.54,19.98],[80.52,19.94],[80.46,19.94],[80.44,19.96],[80.4,19.9],[80.48,19.9],[80.46,19.82],[80.52,19.82],[80.54,19.82],[80.54,19.78],[80.58,19.74],[80.66,19.7],[80.66,19.6],[80.72,19.6],[80.78,19.56],[80.82,19.56],[80.86,19.52],[80.88,19.52],[80.9,19.46],[80.86,19.44],[80.78,19.42],[80.84,19.36],[80.76,19.3],[80.74,19.28],[80.68,19.28],[80.66,19.32],[80.6,19.32],[80.58,19.38],[80.56,19.4],[80.52,19.34],[80.48,19.32],[80.44,19.26],[80.38,19.24],[80.38,19.18],[80.34,19.16],[80.32,19.12],[80.34,19.1],[80.26,18.98],[80.26,18.94],[80.34,18.86],[80.34,18.82],[80.3,18.8],[80.24,18.74],[80.26,18.72],[80.3,18.68],[80.34,18.58],[80.38,18.6],[80.46,18.62],[80.48,18.62],[80.54,18.58],[80.64,18.52],[80.66,18.48],[80.68,18.46],[80.72,18.4],[80.72,18.36],[80.78,18.24],[80.74,18.22],[80.74,18.18],[80.8,18.16],[80.84,18.2],[80.86,18.14],[80.94,18.12],[80.98,17.92],[81,17.84],[81.04,17.78],[81.08,17.78],[81.1,17.82],[81.16,17.86],[81.2,17.84],[81.26,17.82],[81.38,17.8],[81.4,17.88],[81.44,17.88],[81.44,17.92],[81.48,17.98],[81.48,18.02],[81.5,18.1],[81.52,18.16],[81.5,18.18],[81.52,18.26],[81.6,18.3],[81.66,18.32],[81.66,18.34],[81.74,18.34],[81.76,18.42],[81.9,18.52],[81.9,18.56],[81.94,18.56],[81.96,18.68],[82.04,18.72],[82.08,18.72],[82.1,18.76],[82.14,18.78],[82.16,18.84],[82.18,18.9],[82.24,18.92],[82.22,19.02],[82.2,19.06],[82.2,19.08],[82.16,19.14],[82.18,19.16],[82.16,19.2],[82.16,19.26],[82.18,19.34],[82.16,19.36],[82.18,19.42],[82.12,19.42],[82.1,19.46],[82.1,19.5],[82.02,19.5],[82.04,19.54],[82.04,19.58],[82.06,19.62],[82.04,19.7],[82.06,19.76],[82.06,19.8],[81.98,19.8],[81.96,19.86],[81.86,19.9],[81.84,19.96],[81.86,20.02],[81.88,20.04],[81.94,20.1],[81.98,20.08],[82.02,20.02],[82.06,20.04],[82.12,20.02],[82.18,19.98],[82.24,20],[82.26,19.98],[82.3,19.88],[82.34,19.82],[82.38,19.88],[82.44,19.9],[82.48,19.9],[82.6,19.86],[82.58,19.82],[82.58,19.78],[82.62,19.78],[82.64,19.82],[82.7,19.82],[82.72,19.84],[82.7,19.9],[82.72,19.98],[82.66,20],[82.58,19.98],[82.54,20.02],[82.4,20.04],[82.38,20.14],[82.42,20.2],[82.4,20.26],[82.42,20.3],[82.4,20.34],[82.4,20.4],[82.42,20.42],[82.38,20.46],[82.38,20.5],[82.32,20.56],[82.36,20.62],[82.34,20.7],[82.34,20.84],[82.36,20.86],[82.4,20.86],[82.42,20.82],[82.48,20.84],[82.48,20.9],[82.56,20.94],[82.62,21.04],[82.6,21.06],[82.64,21.1],[82.64,21.14],[82.76,21.16],[82.78,21.14],[82.84,21.16],[82.98,21.16],[83.04,21.12],[83.12,21.1],[83.2,21.14],[83.24,21.28],[83.28,21.38],[83.38,21.34],[83.4,21.4],[83.36,21.44],[83.34,21.48],[83.36,21.58],[83.38,21.62],[83.44,21.64],[83.48,21.74],[83.5,21.8],[83.54,21.84],[83.58,21.82],[83.58,21.88],[83.6,21.92],[83.54,21.96],[83.54,22],[83.54,22.06],[83.6,22.06],[83.56,22.1],[83.6,22.16],[83.64,22.22],[83.7,22.24],[83.74,22.24],[83.86,22.34],[83.92,22.36],[84,22.36],[84.04,22.44],[84.04,22.46],[83.98,22.5],[84,22.52]]]},"properties":{"ID_0":105,"ISO":"IND","NAME_0":"India","ID_1":7,"NAME_1":"Chhattisgarh"}},
{"type":"Feature","geometry":{"type":"Polygon","coordinates":[[[73,20.3],[72.98,20.28],[72.96,20.28],[72.96,20.3],[72.94,20.28],[72.92,20.28],[72.94,20.24],[72.96,20.24],[72.98,20.22],[72.98,20.16],[72.98,20.14],[72.98,20.12],[73,20.12],[73,20.14],[73.02,20.14],[73.02,20.12],[73.04,20.08],[73.06,20.06],[73.06,20.1],[73.08,20.1],[73.1,20.08],[73.12,20.08],[73.14,20.08],[73.18,20.06],[73.22,20.1],[73.22,20.12],[73.2,20.14],[73.2,20.16],[73.22,20.18],[73.2,20.2],[73.18,20.2],[73.16,20.2],[73.14,20.2],[73.14,20.18],[73.12,20.16],[73.1,20.16],[73.1,20.18],[73.08,20.18],[73.08,20.16],[73.08,20.2],[73.06,20.2],[73.08,20.22],[73.08,20.24],[73.1,20.22],[73.1,20.24],[73.12,20.24],[73.14,20.26],[73.14,20.28],[73.16,20.28],[73.16,20.3],[73.16,20.28],[73.18,20.28],[73.18,20.3],[73.18,20.32],[73.14,20.32],[73.14,20.3],[73.12,20.3],[73.12,20.34],[73.12,20.36],[73.1,20.36],[73.1,20.34],[73.08,20.32],[73.06,20.32],[73.04,20.3],[73.02,20.32],[73,20.3]]]},"properties":{"ID_0":105,"ISO":"IND","NAME_0":"India","ID_1":8,"NAME_1":"Dadra and Nagar Haveli"}},
{"type":"Feature","geometry":{"type":"MultiPolygon","coordinates":[[[[72.86,20.46],[72.84,20.46],[72.82,20.44],[72.82,20.38],[72.84,20.4],[72.88,20.4],[72.88,20.38],[72.88,20.4],[72.86,20.4],[72.86,20.42],[72.84,20.42],[72.84,20.44],[72.86,20.46]]],[[[70.94,20.74],[70.92,20.74],[70.9,20.72],[70.9,20.7],[70.98,20.7],[70.96,20.72],[70.94,20.74]]],[[[70.76,20.96],[70.76,20.98],[70.74,21],[70.74,20.98],[70.74,20.96],[70.72,20.92],[70.7,20.88],[70.68,20.82],[70.68,20.8],[70.68,20.78],[70.68,20.76],[70.68,20.74],[70.74,20.72],[70.86,20.7],[70.88,20.72],[70.84,20.74],[70.86,20.76],[70.9,20.8],[70.9,20.84],[70.86,20.84],[70.84,20.86],[70.88,20.88],[70.9,20.9],[70.88,20.94],[70.88,20.96],[70.86,20.96],[70.84,20.98],[70.82,20.96],[70.8,20.96],[70.78,20.96],[70.76,20.96]]]]},"properties":{"ID_0":105,"ISO":"IND","NAME_0":"India","ID_1":9,"NAME_1":"Daman and Diu"}},
{"type":"Feature","geometry":{"type":"Polygon","coordinates":[[[77.2,28.8],[77.22,28.84],[77.2,28.86],[77.18,28.86],[77.16,28.86],[77.16,28.84],[77.14,28.86],[77.12,28.86],[77.1,28.86],[77.1,28.88],[77.08,28.88],[77.04,28.88],[77.04,28.86],[76.98,28.84],[76.96,28.84],[76.94,28.82],[76.94,28.78],[76.94,28.76],[76.96,28.74],[76.94,28.72],[76.94,28.7],[76.94,28.68],[76.92,28.66],[76.92,28.64],[76.9,28.64],[76.88,28.64],[76.86,28.6],[76.84,28.6],[76.84,28.58],[76.86,28.54],[76.88,28.52],[76.88,28.5],[76.9,28.52],[76.94,28.52],[76.98,28.52],[77,28.52],[77,28.54],[77.02,28.54],[77.08,28.52],[77.1,28.5],[77.1,28.48],[77.12,28.46],[77.14,28.44],[77.16,28.42],[77.16,28.4],[77.2,28.42],[77.22,28.42],[77.24,28.42],[77.24,28.44],[77.22,28.46],[77.24,28.48],[77.26,28.48],[77.28,28.5],[77.3,28.5],[77.32,28.5],[77.34,28.52],[77.32,28.54],[77.3,28.56],[77.3,28.58],[77.3,28.6],[77.32,28.6],[77.32,28.68],[77.32,28.72],[77.3,28.72],[77.3,28.7],[77.28,28.72],[77.28,28.74],[77.26,28.74],[77.26,28.76],[77.24,28.76],[77.22,28.78],[77.2,28.78],[77.2,28.8]]]},"properties":{"ID_0":105,"ISO":"IND","NAME_0":"India","ID_1":10,"NAME_1":"Delhi"}},
{"type":"Feature","geometry":{"type":"Polygon","coordinates":[[[74.12,15.66],[74.08,15.62],[74,15.6],[73.98,15.62],[73.98,15.68],[73.94,15.74],[73.9,15.74],[73.86,15.8],[73.82,15.74],[73.78,15.72],[73.72,15.72],[73.7,15.72],[73.68,15.72],[73.74,15.62],[73.76,15.5],[73.8,15.46],[73.84,15.46],[73.88,15.4],[73.82,15.4],[73.84,15.36],[73.88,15.38],[73.9,15.3],[73.94,15.14],[73.92,15.12],[73.94,15.08],[73.96,15.06],[74,15.02],[74.04,15],[74.04,14.96],[74.04,14.92],[74.1,14.9],[74.14,14.92],[74.18,14.9],[74.18,14.92],[74.16,14.94],[74.2,14.94],[74.2,14.92],[74.22,14.94],[74.24,14.96],[74.26,14.96],[74.28,14.98],[74.28,15],[74.28,15.02],[74.28,15.04],[74.3,15.04],[74.28,15.1],[74.28,15.14],[74.32,15.18],[74.3,15.22],[74.26,15.24],[74.28,15.28],[74.34,15.3],[74.32,15.32],[74.32,15.36],[74.28,15.38],[74.28,15.44],[74.26,15.48],[74.28,15.52],[74.26,15.56],[74.26,15.62],[74.26,15.66],[74.12,15.66]]]},"properties":{"ID_0":105,"ISO":"IND","NAME_0":"India","ID_1":11,"NAME_1":"Goa"}},
{"type":"Feature","geometry":{"type":"MultiPolygon","coordinates":[[[[70.88,20.72],[70.86,20.76],[70.84,20.74],[70.88,20.72]]],[[[69.62,22.46],[69.6,22.42],[69.64,22.4],[69.66,22.44],[69.62,22.46]]],[[[70,22.6],[69.96,22.58],[69.96,22.54],[70.02,22.56],[70,22.6]]],[[[68.56,23.32],[68.54,23.26],[68.62,23.28],[68.6,23.3],[68.56,23.32]]],[[[68.36,23.8],[68.34,23.74],[68.26,23.64],[68.2,23.64],[68.18,23.62],[68.22,23.6],[68.26,23.6],[68.3,23.58],[68.34,23.6],[68.4,23.66],[68.42,23.72],[68.4,23.78],[68.36,23.8]]],[[[68.3,23.82],[68.3,23.8],[68.28,23.8],[68.26,23.76],[68.26,23.7],[68.32,23.74],[68.32,23.8],[68.32,23.82],[68.3,23.82]]],[[[68.5,23.84],[68.44,23.8],[68.48,23.74],[68.52,23.76],[68.52,23.8],[68.5,23.84]]],[[[68.4,23.88],[68.34,23.84],[68.36,23.82],[68.4,23.78],[68.44,23.84],[68.4,23.88]]],[[[68.44,23.94],[68.42,23.94],[68.42,23.92],[68.38,23.9],[68.42,23.86],[68.46,23.88],[68.44,23.9],[68.46,23.94],[68.44,23.94]]],[[[68.54,23.94],[68.54,23.92],[68.48,23.9],[68.52,23.86],[68.58,23.92],[68.56,23.92],[68.56,23.94],[68.54,23.94]]],[[[68.48,24],[68.44,23.98],[68.42,23.94],[68.44,23.94],[68.46,23.94],[68.46,23.92],[68.46,23.88],[68.52,23.92],[68.48,24]]],[[[68.44,24],[68.4,23.96],[68.34,23.96],[68.34,23.92],[68.28,23.92],[68.24,23.84],[68.2,23.82],[68.22,23.76],[68.2,23.74],[68.24,23.68],[68.26,23.72],[68.26,23.76],[68.28,23.8],[68.3,23.82],[68.32,23.82],[68.34,23.82],[68.36,23.9],[68.4,23.92],[68.44,23.96],[68.44,24]]],[[[74.32,23.06],[74.28,23.1],[74.28,23.12],[74.24,23.18],[74.2,23.2],[74.18,23.16],[74.12,23.18],[74.14,23.26],[74.1,23.3],[74.04,23.3],[74.04,23.34],[74,23.34],[73.96,23.38],[73.94,23.34],[73.9,23.34],[73.86,23.4],[73.82,23.44],[73.78,23.44],[73.76,23.46],[73.72,23.42],[73.7,23.46],[73.64,23.46],[73.64,23.54],[73.66,23.62],[73.62,23.66],[73.58,23.66],[73.52,23.62],[73.5,23.64],[73.52,23.7],[73.48,23.7],[73.46,23.76],[73.4,23.78],[73.36,23.86],[73.38,23.9],[73.42,23.92],[73.42,24.06],[73.34,24.12],[73.32,24.06],[73.26,24.02],[73.2,24.04],[73.22,24.1],[73.18,24.12],[73.12,24.14],[73.08,24.18],[73.12,24.26],[73.18,24.3],[73.18,24.36],[73.08,24.4],[73.1,24.42],[73.1,24.5],[73.06,24.46],[72.98,24.46],[73,24.42],[72.96,24.4],[72.98,24.36],[72.92,24.32],[72.86,24.36],[72.82,24.36],[72.74,24.36],[72.7,24.42],[72.7,24.46],[72.66,24.46],[72.58,24.48],[72.54,24.5],[72.5,24.46],[72.52,24.42],[72.46,24.4],[72.44,24.46],[72.44,24.5],[72.38,24.5],[72.36,24.56],[72.3,24.54],[72.26,24.58],[72.28,24.62],[72.22,24.64],[72.18,24.6],[72.16,24.64],[72.08,24.66],[72.08,24.7],[72.06,24.7],[72,24.68],[72,24.66],[71.94,24.62],[71.92,24.66],[71.88,24.68],[71.86,24.62],[71.82,24.62],[71.82,24.66],[71.78,24.66],[71.66,24.64],[71.62,24.68],[71.54,24.68],[71.48,24.68],[71.38,24.62],[71.36,24.66],[71.3,24.6],[71.26,24.62],[71.24,24.62],[71.2,24.64],[71.18,24.64],[71.1,24.68],[71.02,24.64],[71,24.6],[71,24.54],[71.02,24.52],[71,24.44],[71.1,24.44],[71.14,24.42],[71.04,24.34],[71,24.36],[70.96,24.34],[70.88,24.3],[70.9,24.26],[70.8,24.22],[70.66,24.22],[70.6,24.24],[70.58,24.34],[70.62,24.4],[70.58,24.42],[70.46,24.38],[70.38,24.36],[70.3,24.34],[70.24,24.32],[70.12,24.28],[70.08,24.22],[70.02,24.16],[69.92,24.16],[69.72,24.18],[69.6,24.28],[69.5,24.26],[69.44,24.28],[69.36,24.26],[69.32,24.28],[69.2,24.24],[69.08,24.26],[69.02,24.22],[68.92,24.26],[68.9,24.2],[68.84,24.2],[68.82,24.3],[68.76,24.28],[68.76,24.04],[68.74,23.96],[68.54,23.96],[68.54,23.94],[68.56,23.94],[68.56,23.92],[68.58,23.92],[68.62,23.9],[68.58,23.88],[68.52,23.82],[68.54,23.76],[68.6,23.84],[68.68,23.82],[68.64,23.76],[68.56,23.72],[68.48,23.64],[68.48,23.54],[68.5,23.46],[68.56,23.42],[68.56,23.38],[68.64,23.34],[68.64,23.26],[68.62,23.22],[68.58,23.22],[68.66,23.16],[68.76,23.08],[68.82,23.06],[68.98,22.96],[69.04,22.92],[69.2,22.84],[69.26,22.82],[69.32,22.84],[69.38,22.82],[69.48,22.78],[69.52,22.8],[69.6,22.76],[69.62,22.76],[69.72,22.74],[69.76,22.82],[69.8,22.86],[69.86,22.88],[69.9,22.86],[69.96,22.9],[70.1,22.9],[70.14,22.94],[70.2,22.96],[70.22,22.98],[70.28,22.94],[70.34,22.94],[70.4,22.96],[70.4,23.02],[70.42,23.06],[70.5,23.08],[70.48,23.02],[70.42,22.92],[70.38,22.9],[70.34,22.84],[70.3,22.76],[70.26,22.72],[70.24,22.66],[70.2,22.62],[70.16,22.56],[70.04,22.56],[69.94,22.52],[69.92,22.46],[69.88,22.44],[69.84,22.46],[69.8,22.4],[69.74,22.46],[69.7,22.46],[69.7,22.4],[69.66,22.4],[69.66,22.36],[69.6,22.34],[69.52,22.38],[69.42,22.32],[69.34,22.34],[69.34,22.3],[69.3,22.28],[69.2,22.26],[69.16,22.3],[69.2,22.42],[69.14,22.4],[69.1,22.4],[69.06,22.4],[69.04,22.44],[69,22.44],[68.96,22.36],[68.94,22.32],[68.96,22.24],[69.06,22.12],[69.26,21.92],[69.44,21.76],[69.48,21.74],[69.58,21.64],[69.6,21.64],[69.7,21.54],[69.7,21.58],[69.74,21.64],[69.76,21.58],[69.72,21.52],[70,21.2],[70.1,21.1],[70.26,20.98],[70.42,20.86],[70.58,20.78],[70.64,20.76],[70.68,20.76],[70.68,20.78],[70.68,20.8],[70.68,20.82],[70.7,20.88],[70.72,20.92],[70.74,20.96],[70.74,20.98],[70.74,21],[70.76,20.98],[70.76,20.96],[70.78,20.96],[70.8,20.96],[70.82,20.96],[70.84,20.98],[70.86,20.96],[70.88,20.96],[70.88,20.94],[70.9,20.9],[70.88,20.88],[70.84,20.86],[70.86,20.84],[70.9,20.84],[70.9,20.8],[70.86,20.76],[70.88,20.72],[70.88,20.7],[70.9,20.7],[70.9,20.72],[70.92,20.74],[70.94,20.74],[70.96,20.72],[71,20.74],[71.06,20.74],[71.08,20.76],[71.14,20.76],[71.32,20.84],[71.44,20.86],[71.48,20.88],[71.5,20.94],[71.64,20.98],[71.72,21.02],[71.76,21.02],[71.8,21.06],[71.92,21.12],[72.04,21.16],[72.12,21.2],[72.08,21.24],[72.1,21.3],[72.18,21.38],[72.22,21.44],[72.26,21.5],[72.26,21.58],[72.3,21.62],[72.24,21.76],[72.26,21.78],[72.26,21.9],[72.22,21.94],[72.26,21.98],[72.28,21.96],[72.32,22.12],[72.38,22.16],[72.42,22.22],[72.42,22.28],[72.44,22.3],[72.48,22.24],[72.5,22.24],[72.64,22.28],[72.7,22.24],[72.76,22.24],[72.86,22.28],[72.86,22.22],[72.82,22.24],[72.8,22.24],[72.76,22.18],[72.7,22.18],[72.64,22.22],[72.6,22.22],[72.54,22.14],[72.5,22],[72.5,21.94],[72.52,21.84],[72.56,21.82],[72.54,21.74],[72.52,21.72],[72.54,21.66],[72.6,21.68],[72.72,21.68],[72.68,21.62],[72.62,21.62],[72.6,21.54],[72.66,21.46],[72.66,21.42],[72.62,21.38],[72.62,21.34],[72.6,21.32],[72.6,21.26],[72.62,21.22],[72.62,21.08],[72.66,21.08],[72.66,21.14],[72.68,21.16],[72.72,21.14],[72.7,21.1],[72.76,20.94],[72.78,20.92],[72.84,20.8],[72.84,20.78],[72.9,20.58],[72.88,20.5],[72.86,20.46],[72.84,20.44],[72.84,20.42],[72.86,20.42],[72.86,20.4],[72.88,20.4],[72.88,20.38],[72.88,20.4],[72.84,20.4],[72.82,20.38],[72.78,20.34],[72.74,20.24],[72.74,20.14],[72.78,20.14],[72.82,20.16],[72.86,20.2],[72.88,20.22],[72.98,20.22],[72.96,20.24],[72.94,20.24],[72.92,20.28],[72.94,20.28],[72.96,20.3],[72.96,20.28],[72.98,20.28],[73,20.3],[73.02,20.32],[73.04,20.3],[73.06,20.32],[73.08,20.32],[73.1,20.34],[73.1,20.36],[73.12,20.36],[73.12,20.34],[73.12,20.3],[73.14,20.3],[73.14,20.32],[73.18,20.32],[73.18,20.3],[73.18,20.28],[73.16,20.28],[73.16,20.3],[73.16,20.28],[73.14,20.28],[73.14,20.26],[73.12,20.24],[73.1,20.24],[73.1,20.22],[73.08,20.24],[73.08,20.22],[73.06,20.2],[73.08,20.2],[73.08,20.16],[73.08,20.18],[73.1,20.18],[73.1,20.16],[73.12,20.16],[73.14,20.18],[73.14,20.2],[73.16,20.2],[73.18,20.2],[73.2,20.2],[73.22,20.18],[73.2,20.16],[73.2,20.14],[73.22,20.12],[73.26,20.12],[73.3,20.16],[73.32,20.2],[73.38,20.2],[73.42,20.2],[73.42,20.26],[73.44,20.28],[73.42,20.38],[73.44,20.46],[73.48,20.5],[73.48,20.58],[73.44,20.6],[73.4,20.66],[73.44,20.66],[73.46,20.72],[73.56,20.64],[73.62,20.62],[73.64,20.58],[73.66,20.56],[73.7,20.58],[73.74,20.56],[73.78,20.6],[73.84,20.62],[73.84,20.7],[73.88,20.74],[73.92,20.72],[73.94,20.76],[73.94,20.84],[73.94,20.88],[73.9,20.94],[73.9,20.98],[73.82,21],[73.74,21.04],[73.74,21.1],[73.7,21.1],[73.64,21.14],[73.74,21.16],[73.82,21.18],[73.84,21.26],[73.9,21.26],[73.94,21.3],[73.96,21.4],[74.06,21.42],[74.06,21.46],[74.12,21.44],[74.18,21.46],[74.22,21.46],[74.3,21.48],[74.34,21.54],[74.3,21.56],[74.24,21.56],[74.2,21.52],[74.18,21.56],[74.06,21.56],[73.98,21.54],[73.86,21.5],[73.82,21.6],[73.78,21.62],[73.88,21.64],[73.9,21.72],[73.84,21.74],[73.82,21.82],[73.84,21.84],[73.88,21.84],[74.02,21.9],[74.04,21.92],[74.14,21.96],[74.16,21.98],[74.1,22],[74.14,22.06],[74.12,22.22],[74.08,22.22],[74.08,22.26],[74.06,22.28],[74.08,22.36],[74.12,22.38],[74.14,22.34],[74.2,22.32],[74.2,22.34],[74.28,22.4],[74.24,22.44],[74.1,22.44],[74.08,22.5],[74.22,22.56],[74.24,22.62],[74.28,22.64],[74.36,22.64],[74.38,22.64],[74.4,22.74],[74.46,22.82],[74.48,22.86],[74.46,22.92],[74.38,22.9],[74.34,22.96],[74.38,22.98],[74.32,23.06]]]]},"properties":{"ID_0":105,"ISO":"IND","NAME_0":"India","ID_1":12,"NAME_1":"Gujarat"}},
{"type":"Feature","geometry":{"type":"Polygon","coordinates":[[[77.58,30.38],[77.5,30.42],[77.44,30.4],[77.34,30.46],[77.32,30.46],[77.26,30.48],[77.2,30.48],[77.18,30.52],[77.14,30.54],[77.12,30.56],[77.16,30.6],[77.16,30.68],[77.1,30.74],[77.04,30.74],[77.02,30.74],[77,30.82],[76.96,30.82],[76.92,30.84],[76.9,30.9],[76.86,30.88],[76.82,30.88],[76.82,30.94],[76.76,30.9],[76.76,30.88],[76.82,30.84],[76.84,30.8],[76.82,30.76],[76.82,30.74],[76.82,30.7],[76.82,30.68],[76.86,30.68],[76.86,30.64],[76.92,30.6],[76.88,30.54],[76.92,30.52],[76.9,30.48],[76.88,30.44],[76.92,30.38],[76.9,30.36],[76.84,30.44],[76.8,30.42],[76.74,30.42],[76.7,30.4],[76.74,30.36],[76.68,30.32],[76.6,30.26],[76.64,30.2],[76.62,30.18],[76.62,30.1],[76.58,30.08],[76.56,30.1],[76.5,30.08],[76.46,30.1],[76.42,30.14],[76.32,30.1],[76.26,30.12],[76.18,30],[76.2,29.94],[76.18,29.9],[76.22,29.88],[76.22,29.86],[76.16,29.82],[76.08,29.78],[76.04,29.74],[76,29.76],[75.94,29.74],[75.86,29.76],[75.82,29.82],[75.78,29.82],[75.7,29.8],[75.66,29.78],[75.56,29.74],[75.56,29.76],[75.44,29.78],[75.4,29.76],[75.32,29.68],[75.28,29.6],[75.3,29.56],[75.24,29.56],[75.22,29.6],[75.18,29.64],[75.16,29.66],[75.18,29.68],[75.2,29.74],[75.24,29.76],[75.18,29.84],[75.1,29.8],[75.06,29.88],[74.98,29.86],[74.94,29.9],[74.92,29.94],[74.84,29.96],[74.8,30],[74.78,29.98],[74.68,29.94],[74.64,29.92],[74.58,29.92],[74.52,29.94],[74.56,29.86],[74.5,29.82],[74.46,29.78],[74.48,29.74],[74.6,29.76],[74.58,29.66],[74.58,29.56],[74.62,29.54],[74.58,29.46],[74.54,29.46],[74.54,29.42],[74.58,29.4],[74.6,29.36],[74.64,29.34],[74.66,29.38],[74.78,29.36],[74.8,29.4],[74.84,29.4],[74.92,29.36],[74.96,29.28],[75,29.28],[75.02,29.3],[75.08,29.24],[75.14,29.24],[75.28,29.26],[75.32,29.24],[75.38,29.26],[75.4,29.18],[75.36,29.14],[75.38,29.08],[75.44,29.06],[75.44,29.02],[75.52,29.02],[75.52,28.98],[75.5,28.94],[75.48,28.86],[75.52,28.84],[75.5,28.78],[75.54,28.74],[75.54,28.64],[75.56,28.62],[75.6,28.6],[75.62,28.54],[75.66,28.54],[75.7,28.5],[75.74,28.48],[75.78,28.46],[75.8,28.42],[75.92,28.36],[75.98,28.3],[76.02,28.28],[76.02,28.24],[76.06,28.22],[76.08,28.18],[76.02,28.18],[75.94,28.1],[75.98,28.08],[75.96,27.98],[75.98,27.9],[75.98,27.86],[76.04,27.84],[76.08,27.86],[76.18,27.8],[76.2,27.84],[76.16,27.9],[76.18,27.98],[76.16,28],[76.18,28.06],[76.26,28.08],[76.34,28.02],[76.36,28.06],[76.34,28.1],[76.36,28.12],[76.28,28.16],[76.3,28.18],[76.36,28.14],[76.48,28.14],[76.5,28.1],[76.46,28.04],[76.54,28.04],[76.54,27.98],[76.6,28],[76.66,28.02],[76.64,28.1],[76.68,28.1],[76.7,28.14],[76.74,28.12],[76.8,28.16],[76.8,28.2],[76.84,28.22],[76.96,28.14],[76.94,28.08],[76.92,28],[76.92,27.84],[76.9,27.84],[76.88,27.72],[76.98,27.66],[77,27.74],[77.04,27.74],[77.02,27.78],[77.04,27.82],[77.1,27.78],[77.14,27.82],[77.24,27.78],[77.28,27.8],[77.34,27.86],[77.42,27.86],[77.46,27.9],[77.46,27.94],[77.52,27.94],[77.54,28],[77.48,28.04],[77.48,28.1],[77.5,28.12],[77.5,28.16],[77.54,28.2],[77.46,28.34],[77.5,28.36],[77.44,28.44],[77.34,28.5],[77.32,28.5],[77.3,28.5],[77.28,28.5],[77.26,28.48],[77.24,28.48],[77.22,28.46],[77.24,28.44],[77.24,28.42],[77.22,28.42],[77.2,28.42],[77.16,28.4],[77.16,28.42],[77.14,28.44],[77.12,28.46],[77.1,28.48],[77.1,28.5],[77.08,28.52],[77.02,28.54],[77,28.54],[77,28.52],[76.98,28.52],[76.94,28.52],[76.9,28.52],[76.88,28.5],[76.88,28.52],[76.86,28.54],[76.84,28.58],[76.84,28.6],[76.86,28.6],[76.88,28.64],[76.9,28.64],[76.92,28.64],[76.92,28.66],[76.94,28.68],[76.94,28.7],[76.94,28.72],[76.96,28.74],[76.94,28.76],[76.94,28.78],[76.94,28.82],[76.96,28.84],[76.98,28.84],[77.04,28.86],[77.04,28.88],[77.08,28.88],[77.1,28.88],[77.1,28.86],[77.12,28.86],[77.14,28.86],[77.16,28.84],[77.16,28.86],[77.18,28.86],[77.22,28.9],[77.2,28.96],[77.22,29],[77.16,29.04],[77.12,29.1],[77.14,29.18],[77.12,29.28],[77.16,29.32],[77.12,29.46],[77.12,29.48],[77.08,29.54],[77.1,29.56],[77.08,29.6],[77.14,29.72],[77.12,29.74],[77.16,29.8],[77.18,29.88],[77.18,29.9],[77.26,29.98],[77.28,30.04],[77.34,30.06],[77.42,30.12],[77.42,30.14],[77.48,30.18],[77.54,30.28],[77.58,30.32],[77.6,30.38],[77.58,30.38]]]},"properties":{"ID_0":105,"ISO":"IND","NAME_0":"India","ID_1":13,"NAME_1":"Haryana"}},
{"type":"Feature","geometry":{"type":"Polygon","coordinates":[[[78.42,32.52],[78.38,32.52],[78.32,32.48],[78.28,32.5],[78.3,32.52],[78.3,32.58],[78.34,32.58],[78.38,32.62],[78.36,32.68],[78.38,32.72],[78.34,32.76],[78.28,32.74],[78.3,32.72],[78.24,32.7],[78.18,32.66],[78.1,32.66],[78.04,32.6],[77.98,32.6],[77.9,32.7],[77.92,32.76],[77.86,32.8],[77.86,32.82],[77.76,32.86],[77.8,32.9],[77.72,32.98],[77.66,32.98],[77.66,32.96],[77.58,32.94],[77.52,32.88],[77.46,32.86],[77.42,32.88],[77.38,32.88],[77.36,32.82],[77.32,32.82],[77.22,32.9],[77.16,32.92],[77.14,32.98],[77.08,32.98],[77.04,33],[77,32.98],[76.92,33.04],[76.88,33.12],[76.86,33.12],[76.8,33.18],[76.82,33.24],[76.76,33.22],[76.72,33.18],[76.62,33.16],[76.58,33.2],[76.54,33.2],[76.46,33.18],[76.38,33.18],[76.28,33.1],[76.24,33.04],[76.16,33.02],[76.1,33],[76.08,32.96],[76.02,32.92],[75.94,32.88],[75.86,32.94],[75.8,32.92],[75.78,32.9],[75.82,32.84],[75.88,32.82],[75.92,32.76],[75.9,32.68],[75.92,32.64],[75.88,32.58],[75.86,32.5],[75.92,32.44],[75.92,32.42],[75.84,32.38],[75.74,32.28],[75.68,32.26],[75.62,32.24],[75.62,32.18],[75.66,32.14],[75.62,32.1],[75.74,32.04],[75.8,31.98],[75.84,31.98],[75.9,31.94],[75.94,31.84],[75.92,31.82],[75.94,31.78],[76,31.64],[76.08,31.54],[76.12,31.44],[76.16,31.4],[76.14,31.38],[76.2,31.3],[76.3,31.32],[76.34,31.34],[76.32,31.4],[76.36,31.42],[76.42,31.32],[76.46,31.32],[76.54,31.26],[76.58,31.28],[76.64,31.22],[76.6,31.18],[76.58,31.12],[76.62,31.12],[76.6,31.06],[76.62,31],[76.66,30.96],[76.72,30.96],[76.76,30.9],[76.82,30.94],[76.82,30.88],[76.86,30.88],[76.9,30.9],[76.92,30.84],[76.96,30.82],[77,30.82],[77.02,30.74],[77.04,30.74],[77.1,30.74],[77.16,30.68],[77.16,30.6],[77.12,30.56],[77.14,30.54],[77.18,30.52],[77.2,30.48],[77.26,30.48],[77.32,30.46],[77.34,30.46],[77.44,30.4],[77.5,30.42],[77.58,30.38],[77.56,30.4],[77.6,30.44],[77.66,30.44],[77.76,30.5],[77.8,30.52],[77.8,30.56],[77.76,30.58],[77.74,30.6],[77.78,30.64],[77.74,30.68],[77.74,30.72],[77.68,30.76],[77.74,30.84],[77.74,30.88],[77.78,30.88],[77.8,30.92],[77.74,30.92],[77.76,30.98],[77.8,30.96],[77.82,31],[77.8,31.06],[77.84,31.08],[77.86,31.12],[77.9,31.16],[77.96,31.18],[78,31.16],[78.02,31.18],[78.1,31.2],[78.14,31.24],[78.24,31.24],[78.3,31.28],[78.36,31.28],[78.42,31.26],[78.48,31.2],[78.54,31.2],[78.6,31.24],[78.66,31.2],[78.74,31.2],[78.8,31.2],[78.82,31.14],[78.88,31.1],[79,31.12],[78.98,31.18],[78.94,31.2],[78.9,31.26],[78.82,31.34],[78.82,31.38],[78.78,31.4],[78.8,31.46],[78.74,31.5],[78.72,31.54],[78.8,31.58],[78.82,31.62],[78.78,31.66],[78.78,31.68],[78.74,31.7],[78.7,31.8],[78.72,31.84],[78.72,31.88],[78.78,32],[78.74,32],[78.66,32.08],[78.6,32.12],[78.58,32.16],[78.6,32.22],[78.54,32.24],[78.44,32.24],[78.46,32.28],[78.46,32.34],[78.52,32.42],[78.48,32.42],[78.44,32.46],[78.44,32.5],[78.42,32.52]]]},"properties":{"ID_0":105,"ISO":"IND","NAME_0":"India","ID_1":14,"NAME_1":"Himachal Pradesh"}},
{"type":"Feature","geometry":{"type":"Polygon","coordinates":[[[78.42,32.52],[78.42,32.56],[78.46,32.58],[78.48,32.58],[78.52,32.6],[78.64,32.62],[78.66,32.64],[78.74,32.7],[78.76,32.68],[78.78,32.6],[78.76,32.58],[78.78,32.48],[78.84,32.42],[78.88,32.42],[78.92,32.36],[78.98,32.34],[79,32.36],[79.06,32.38],[79.1,32.38],[79.12,32.46],[79.14,32.48],[79.2,32.52],[79.28,32.52],[79.32,32.5],[79.34,32.52],[79.46,32.6],[79.54,32.6],[79.56,32.68],[79.54,32.74],[79.46,32.82],[79.46,32.88],[79.44,32.9],[79.36,32.96],[79.36,33],[79.36,33.06],[79.42,33.14],[79.4,33.18],[79.14,33.2],[79.08,33.22],[79.06,33.3],[78.92,33.4],[78.82,33.48],[78.72,33.62],[78.7,33.68],[78.78,33.74],[78.78,33.8],[78.72,33.9],[78.72,33.96],[78.76,34],[78.76,34.04],[78.72,34.06],[78.72,34.1],[78.88,34.16],[78.96,34.22],[79,34.28],[78.98,34.34],[78.92,34.38],[78.84,34.4],[78.76,34.46],[78.74,34.5],[78.66,34.52],[78.56,34.62],[78.42,34.6],[78.38,34.66],[78.28,34.66],[78.24,34.7],[78.2,34.76],[78.18,34.88],[78.14,34.98],[78.08,35.08],[78.12,35.12],[78.12,35.14],[78.06,35.18],[78,35.3],[78,35.38],[78.02,35.42],[78.1,35.46],[78.08,35.5],[78,35.48],[77.96,35.48],[77.92,35.44],[77.88,35.42],[77.84,35.5],[77.74,35.44],[77.66,35.36],[77.48,35.26],[77.44,35.24],[77.28,35.14],[77.16,35.06],[77.06,35.02],[77.02,35.04],[77.02,34.96],[76.96,34.94],[76.86,34.98],[76.82,34.94],[76.76,34.94],[76.74,34.9],[76.74,34.84],[76.68,34.76],[76.56,34.76],[76.46,34.8],[76.38,34.74],[76.32,34.74],[76.28,34.7],[76.16,34.64],[76.08,34.68],[76.04,34.68],[76,34.64],[75.94,34.62],[75.92,34.6],[75.84,34.58],[75.8,34.54],[75.74,34.52],[75.6,34.54],[75.5,34.54],[75.4,34.54],[75.36,34.56],[75.26,34.62],[75.26,34.64],[75.14,34.66],[75.02,34.64],[74.9,34.68],[74.84,34.68],[74.68,34.7],[74.58,34.78],[74.5,34.78],[74.48,34.8],[74.38,34.8],[74.3,34.8],[74.26,34.76],[74.2,34.74],[74.14,34.7],[74.04,34.68],[74.02,34.7],[73.96,34.7],[73.92,34.64],[73.94,34.58],[73.9,34.54],[73.9,34.5],[73.78,34.42],[73.76,34.36],[73.84,34.34],[73.9,34.36],[73.98,34.26],[73.98,34.22],[73.9,34.12],[73.88,34.08],[73.9,34.04],[74,34.04],[74.08,34.04],[74.12,34.06],[74.22,34.04],[74.24,34.02],[74.26,33.92],[74.22,33.86],[74.18,33.84],[74.04,33.8],[74.02,33.78],[73.96,33.74],[74,33.62],[74.02,33.58],[74.08,33.58],[74.18,33.48],[74.18,33.38],[74.16,33.34],[74.1,33.28],[74.02,33.26],[74.02,33.2],[74.08,33.18],[74.18,33.1],[74.2,33.04],[74.26,33.04],[74.36,33.02],[74.34,32.96],[74.32,32.92],[74.42,32.9],[74.44,32.84],[74.46,32.78],[74.54,32.74],[74.62,32.76],[74.64,32.82],[74.7,32.82],[74.66,32.72],[74.68,32.66],[74.64,32.62],[74.66,32.56],[74.68,32.54],[74.7,32.48],[74.8,32.48],[74.86,32.5],[74.9,32.46],[74.98,32.44],[75.04,32.5],[75.08,32.48],[75.14,32.42],[75.18,32.42],[75.24,32.4],[75.32,32.34],[75.34,32.34],[75.46,32.32],[75.52,32.3],[75.52,32.34],[75.6,32.38],[75.64,32.38],[75.72,32.42],[75.74,32.48],[75.8,32.48],[75.88,32.58],[75.92,32.64],[75.9,32.68],[75.92,32.76],[75.88,32.82],[75.82,32.84],[75.78,32.9],[75.8,32.92],[75.86,32.94],[75.94,32.88],[76.02,32.92],[76.08,32.96],[76.1,33],[76.16,33.02],[76.24,33.04],[76.28,33.1],[76.38,33.18],[76.46,33.18],[76.54,33.2],[76.58,33.2],[76.62,33.16],[76.72,33.18],[76.76,33.22],[76.82,33.24],[76.8,33.18],[76.86,33.12],[76.88,33.12],[76.92,33.04],[77,32.98],[77.04,33],[77.08,32.98],[77.14,32.98],[77.16,32.92],[77.22,32.9],[77.32,32.82],[77.36,32.82],[77.38,32.88],[77.42,32.88],[77.46,32.86],[77.52,32.88],[77.58,32.94],[77.66,32.96],[77.66,32.98],[77.72,32.98],[77.8,32.9],[77.76,32.86],[77.86,32.82],[77.86,32.8],[77.92,32.76],[77.9,32.7],[77.98,32.6],[78.04,32.6],[78.1,32.66],[78.18,32.66],[78.24,32.7],[78.3,32.72],[78.28,32.74],[78.34,32.76],[78.38,32.72],[78.36,32.68],[78.38,32.62],[78.34,32.58],[78.3,32.58],[78.3,32.52],[78.28,32.5],[78.32,32.48],[78.38,32.52],[78.42,32.52]]]},"properties":{"ID_0":105,"ISO":"IND","NAME_0":"India","ID_1":15,"NAME_1":"Jammu and Kashmir"}},
{"type":"Feature","geometry":{"type":"Polygon","coordinates":[[[87.78,25.22],[87.78,25.24],[87.7,25.26],[87.68,25.32],[87.6,25.32],[87.56,25.34],[87.54,25.3],[87.48,25.24],[87.48,25.2],[87.4,25.22],[87.36,25.2],[87.32,25.22],[87.3,25.08],[87.26,25.1],[87.18,25.06],[87.14,25.02],[87.16,25],[87.14,24.86],[87.1,24.84],[87.08,24.8],[87.08,24.72],[87.04,24.62],[87.02,24.6],[86.94,24.64],[86.86,24.56],[86.8,24.56],[86.8,24.62],[86.66,24.56],[86.6,24.6],[86.58,24.58],[86.52,24.54],[86.5,24.48],[86.48,24.42],[86.46,24.38],[86.42,24.38],[86.36,24.44],[86.32,24.44],[86.3,24.48],[86.32,24.5],[86.3,24.58],[86.22,24.6],[86.16,24.58],[86.12,24.62],[86.14,24.68],[86.1,24.74],[86.06,24.76],[86.04,24.78],[85.96,24.74],[85.92,24.76],[85.88,24.8],[85.82,24.8],[85.78,24.8],[85.74,24.82],[85.7,24.76],[85.7,24.72],[85.66,24.68],[85.68,24.62],[85.66,24.58],[85.6,24.58],[85.54,24.54],[85.5,24.56],[85.44,24.54],[85.28,24.52],[85.22,24.48],[85.16,24.46],[85.16,24.42],[85.12,24.4],[85.04,24.42],[85,24.42],[84.96,24.38],[84.9,24.38],[84.86,24.46],[84.82,24.48],[84.82,24.52],[84.74,24.5],[84.68,24.46],[84.66,24.4],[84.58,24.42],[84.5,24.28],[84.46,24.34],[84.4,24.36],[84.38,24.38],[84.34,24.4],[84.34,24.44],[84.3,24.46],[84.32,24.48],[84.3,24.56],[84.26,24.54],[84.22,24.56],[84.18,24.54],[84.1,24.48],[84.04,24.62],[84,24.64],[83.98,24.6],[83.92,24.54],[83.86,24.54],[83.8,24.52],[83.72,24.5],[83.68,24.52],[83.6,24.52],[83.5,24.52],[83.4,24.5],[83.38,24.46],[83.4,24.42],[83.42,24.4],[83.44,24.34],[83.38,24.32],[83.4,24.26],[83.34,24.12],[83.32,24.1],[83.38,24.1],[83.42,24.08],[83.44,24.04],[83.5,24.02],[83.52,23.96],[83.54,23.9],[83.58,23.86],[83.66,23.84],[83.7,23.8],[83.72,23.76],[83.74,23.7],[83.72,23.68],[83.76,23.64],[83.78,23.6],[83.94,23.56],[83.94,23.62],[83.98,23.64],[84.02,23.6],[84.02,23.54],[84,23.5],[83.96,23.44],[83.96,23.38],[84,23.36],[84.04,23.38],[84.08,23.32],[84.06,23.24],[84.06,23.2],[84.02,23.16],[84.06,23.1],[84.08,23.1],[84.14,23.06],[84.12,23.04],[84.14,22.98],[84.18,23.02],[84.22,22.98],[84.28,22.96],[84.34,22.98],[84.38,22.98],[84.38,22.94],[84.38,22.88],[84.32,22.84],[84.3,22.8],[84.28,22.76],[84.22,22.74],[84.24,22.68],[84.14,22.64],[84.08,22.64],[84.04,22.6],[84,22.56],[84,22.52],[84.06,22.52],[84.1,22.48],[84.14,22.46],[84.14,22.42],[84.2,22.38],[84.24,22.38],[84.28,22.34],[84.42,22.36],[84.5,22.42],[84.64,22.42],[84.66,22.42],[84.74,22.42],[84.76,22.44],[84.8,22.44],[84.88,22.42],[85.06,22.48],[85.08,22.38],[85.08,22.34],[85.1,22.3],[85.08,22.28],[85.06,22.24],[85.02,22.16],[85.02,22.12],[85.1,22.1],[85.22,22.04],[85.24,22.02],[85.28,22.08],[85.36,22.16],[85.42,22.16],[85.48,22.12],[85.6,22.08],[85.64,22.1],[85.68,22.04],[85.72,22.06],[85.8,22.12],[85.78,22.04],[85.76,22],[85.78,21.98],[85.9,21.98],[85.94,22.02],[86,22.12],[86,22.14],[86.02,22.18],[85.96,22.24],[86.02,22.3],[86,22.34],[86.02,22.38],[85.96,22.46],[85.96,22.5],[86.02,22.54],[86.06,22.54],[86.1,22.5],[86.2,22.48],[86.22,22.44],[86.28,22.42],[86.36,22.34],[86.42,22.3],[86.5,22.34],[86.52,22.3],[86.58,22.3],[86.64,22.26],[86.64,22.24],[86.72,22.22],[86.8,22.22],[86.82,22.26],[86.88,22.26],[86.88,22.28],[86.82,22.32],[86.84,22.4],[86.76,22.42],[86.74,22.48],[86.78,22.48],[86.78,22.54],[86.76,22.58],[86.66,22.58],[86.64,22.6],[86.64,22.66],[86.54,22.72],[86.48,22.72],[86.46,22.76],[86.42,22.78],[86.44,22.86],[86.46,22.9],[86.44,22.92],[86.52,22.96],[86.5,22.98],[86.42,23],[86.4,22.98],[86.28,23.02],[86.22,23],[86.18,23.02],[86.12,23.1],[86.04,23.12],[86.04,23.14],[85.98,23.14],[85.92,23.12],[85.84,23.2],[85.82,23.26],[85.86,23.3],[85.86,23.36],[85.86,23.46],[85.88,23.48],[85.94,23.46],[86.04,23.5],[86.02,23.56],[86.04,23.58],[86.14,23.58],[86.16,23.5],[86.22,23.44],[86.3,23.44],[86.36,23.46],[86.36,23.54],[86.44,23.64],[86.52,23.62],[86.6,23.66],[86.72,23.7],[86.74,23.68],[86.8,23.68],[86.82,23.78],[86.8,23.8],[86.84,23.82],[86.9,23.88],[86.94,23.84],[86.96,23.86],[87.04,23.84],[87.06,23.82],[87.14,23.8],[87.16,23.82],[87.14,23.86],[87.22,23.86],[87.3,23.9],[87.3,23.96],[87.26,23.96],[87.24,24.02],[87.34,24.04],[87.36,24],[87.44,23.98],[87.5,24.02],[87.5,24.06],[87.5,24.12],[87.54,24.08],[87.58,24.08],[87.58,24.16],[87.68,24.14],[87.64,24.24],[87.68,24.24],[87.76,24.3],[87.76,24.34],[87.8,24.38],[87.78,24.44],[87.82,24.46],[87.8,24.5],[87.8,24.56],[87.84,24.56],[87.88,24.56],[87.92,24.66],[87.88,24.68],[87.9,24.72],[87.84,24.74],[87.9,24.84],[87.96,24.88],[87.96,24.94],[87.9,24.98],[87.86,25.04],[87.8,25.08],[87.78,25.1],[87.78,25.16],[87.78,25.22]]]},"properties":{"ID_0":105,"ISO":"IND","NAME_0":"India","ID_1":16,"NAME_1":"Jharkhand"}},
{"type":"Feature","geometry":{"type":"Polygon","coordinates":[[[77.54,18.3],[77.46,18.26],[77.4,18.3],[77.4,18.34],[77.4,18.4],[77.36,18.42],[77.32,18.44],[77.24,18.4],[77.2,18.28],[77.18,18.28],[77.14,18.2],[77.1,18.2],[77.1,18.16],[77.06,18.16],[76.96,18.18],[76.92,18.12],[76.96,18.12],[76.96,18.04],[76.92,18.04],[76.92,17.94],[76.88,17.9],[76.86,17.9],[76.78,17.88],[76.74,17.86],[76.78,17.82],[76.74,17.78],[76.7,17.7],[76.66,17.72],[76.6,17.76],[76.52,17.76],[76.52,17.72],[76.48,17.72],[76.48,17.66],[76.42,17.64],[76.42,17.6],[76.34,17.6],[76.36,17.48],[76.38,17.44],[76.36,17.38],[76.4,17.36],[76.38,17.32],[76.28,17.34],[76.28,17.36],[76.22,17.36],[76.16,17.34],[76.12,17.36],[75.94,17.32],[75.9,17.36],[75.9,17.4],[75.82,17.42],[75.82,17.36],[75.74,17.42],[75.7,17.42],[75.68,17.46],[75.64,17.48],[75.62,17.4],[75.58,17.38],[75.62,17.34],[75.6,17.3],[75.66,17.28],[75.66,17.22],[75.64,17.18],[75.64,17.16],[75.68,17.12],[75.68,17.08],[75.66,16.98],[75.64,16.96],[75.62,16.96],[75.6,17],[75.56,17],[75.58,16.96],[75.54,16.96],[75.5,16.94],[75.46,16.98],[75.44,16.96],[75.4,16.98],[75.34,16.96],[75.28,16.96],[75.28,16.88],[75.24,16.84],[75.18,16.84],[75.18,16.86],[75.1,16.92],[75,16.94],[74.96,16.9],[74.94,16.88],[74.92,16.86],[74.92,16.78],[74.86,16.76],[74.78,16.74],[74.74,16.72],[74.7,16.72],[74.7,16.68],[74.66,16.64],[74.7,16.62],[74.58,16.56],[74.54,16.6],[74.56,16.64],[74.5,16.62],[74.48,16.6],[74.4,16.58],[74.38,16.52],[74.34,16.56],[74.28,16.52],[74.3,16.48],[74.34,16.46],[74.34,16.4],[74.32,16.36],[74.34,16.3],[74.38,16.3],[74.42,16.26],[74.48,16.24],[74.5,16.22],[74.48,16.08],[74.44,16.12],[74.38,16.06],[74.4,16.04],[74.44,16.06],[74.46,16.04],[74.44,15.96],[74.36,15.88],[74.38,15.84],[74.38,15.8],[74.36,15.76],[74.3,15.74],[74.16,15.74],[74.14,15.72],[74.12,15.66],[74.26,15.66],[74.26,15.62],[74.26,15.56],[74.28,15.52],[74.26,15.48],[74.28,15.44],[74.28,15.38],[74.32,15.36],[74.32,15.32],[74.34,15.3],[74.28,15.28],[74.26,15.24],[74.3,15.22],[74.32,15.18],[74.28,15.14],[74.28,15.1],[74.3,15.04],[74.28,15.04],[74.28,15.02],[74.28,15],[74.28,14.98],[74.26,14.96],[74.24,14.96],[74.22,14.94],[74.2,14.92],[74.2,14.94],[74.16,14.94],[74.18,14.92],[74.18,14.9],[74.14,14.92],[74.1,14.9],[74.12,14.84],[74.12,14.78],[74.14,14.78],[74.2,14.74],[74.24,14.74],[74.28,14.68],[74.28,14.62],[74.32,14.56],[74.32,14.52],[74.36,14.52],[74.4,14.42],[74.42,14.32],[74.46,14.2],[74.48,14.16],[74.5,14.02],[74.52,13.98],[74.56,13.94],[74.6,13.86],[74.66,13.66],[74.7,13.46],[74.7,13.36],[74.72,13.34],[74.74,13.24],[74.76,13.16],[74.82,12.86],[74.86,12.76],[74.96,12.78],[75,12.78],[75,12.74],[75,12.72],[75.04,12.72],[75.04,12.66],[75.12,12.68],[75.16,12.66],[75.16,12.62],[75.2,12.62],[75.22,12.58],[75.24,12.56],[75.28,12.62],[75.3,12.6],[75.28,12.56],[75.28,12.52],[75.32,12.5],[75.34,12.48],[75.34,12.46],[75.38,12.48],[75.38,12.5],[75.4,12.5],[75.4,12.48],[75.42,12.5],[75.42,12.46],[75.4,12.44],[75.36,12.46],[75.36,12.44],[75.36,12.4],[75.4,12.38],[75.42,12.36],[75.42,12.34],[75.42,12.3],[75.44,12.3],[75.42,12.28],[75.44,12.3],[75.46,12.3],[75.5,12.26],[75.52,12.26],[75.52,12.24],[75.52,12.22],[75.54,12.2],[75.56,12.18],[75.56,12.16],[75.58,12.16],[75.6,12.14],[75.62,12.14],[75.64,12.14],[75.66,12.1],[75.68,12.1],[75.7,12.1],[75.7,12.08],[75.72,12.06],[75.8,12.08],[75.8,12.04],[75.82,11.98],[75.88,11.94],[75.98,11.92],[76.02,11.94],[76.1,11.98],[76.1,11.86],[76.18,11.86],[76.22,11.8],[76.28,11.8],[76.32,11.74],[76.34,11.74],[76.4,11.74],[76.42,11.72],[76.4,11.68],[76.42,11.66],[76.46,11.66],[76.5,11.7],[76.54,11.68],[76.56,11.62],[76.6,11.6],[76.76,11.6],[76.86,11.6],[76.84,11.64],[76.86,11.7],[76.88,11.72],[76.9,11.78],[76.94,11.78],[77,11.8],[77.04,11.78],[77.08,11.72],[77.12,11.76],[77.24,11.8],[77.28,11.8],[77.32,11.76],[77.36,11.78],[77.42,11.76],[77.44,11.78],[77.5,11.92],[77.58,11.92],[77.66,11.96],[77.68,12],[77.74,12.06],[77.76,12.1],[77.72,12.16],[77.6,12.2],[77.52,12.18],[77.46,12.2],[77.48,12.26],[77.52,12.26],[77.56,12.3],[77.6,12.36],[77.62,12.48],[77.58,12.5],[77.58,12.56],[77.6,12.62],[77.6,12.66],[77.66,12.68],[77.66,12.66],[77.76,12.68],[77.76,12.72],[77.82,12.86],[77.92,12.86],[77.98,12.82],[78.02,12.84],[78.06,12.84],[78.12,12.78],[78.22,12.76],[78.24,12.82],[78.24,12.84],[78.3,12.84],[78.32,12.9],[78.34,12.92],[78.38,12.9],[78.42,12.88],[78.42,12.96],[78.46,12.96],[78.46,13.04],[78.5,13.06],[78.5,13.12],[78.56,13.18],[78.56,13.28],[78.5,13.28],[78.44,13.3],[78.42,13.32],[78.36,13.36],[78.38,13.4],[78.36,13.5],[78.4,13.56],[78.38,13.58],[78.32,13.58],[78.24,13.58],[78.2,13.6],[78.14,13.64],[78.08,13.66],[78.1,13.72],[78.08,13.74],[78.12,13.78],[78.1,13.86],[78.04,13.88],[78.04,13.86],[77.94,13.88],[77.98,13.9],[77.96,13.92],[77.92,13.9],[77.86,13.92],[77.8,13.92],[77.82,13.86],[77.72,13.8],[77.7,13.76],[77.68,13.78],[77.62,13.76],[77.58,13.74],[77.52,13.7],[77.44,13.7],[77.46,13.74],[77.42,13.82],[77.3,13.86],[77.26,13.84],[77.24,13.9],[77.2,13.86],[77.14,13.86],[77.16,13.82],[77.16,13.76],[77.1,13.76],[77.06,13.74],[77.04,13.76],[77,13.74],[76.96,13.82],[77,13.86],[77.04,13.92],[76.98,13.96],[77,13.98],[76.94,14.02],[76.98,14.06],[76.94,14.12],[76.88,14.14],[76.9,14.16],[76.96,14.18],[77.02,14.18],[77.02,14.1],[77.02,14.06],[77.12,14.04],[77.14,14],[77.28,14],[77.32,14.02],[77.34,13.96],[77.34,13.9],[77.42,13.9],[77.38,13.98],[77.38,14],[77.32,14.02],[77.34,14.06],[77.4,14.1],[77.38,14.12],[77.38,14.16],[77.52,14.18],[77.5,14.22],[77.5,14.26],[77.44,14.3],[77.4,14.32],[77.38,14.3],[77.4,14.26],[77.42,14.2],[77.38,14.2],[77.36,14.24],[77.36,14.26],[77.28,14.28],[77.28,14.34],[77.24,14.32],[77.2,14.32],[77.16,14.34],[77.12,14.28],[77.1,14.22],[77.08,14.2],[77.04,14.24],[77,14.24],[76.94,14.24],[76.92,14.28],[76.94,14.3],[76.9,14.32],[76.88,14.36],[76.88,14.4],[76.98,14.48],[76.9,14.48],[76.86,14.48],[76.84,14.5],[76.8,14.52],[76.76,14.6],[76.78,14.68],[76.8,14.74],[76.78,14.78],[76.84,14.78],[76.86,14.9],[76.86,14.96],[76.76,14.96],[76.78,15.02],[76.78,15.06],[76.8,15.1],[76.86,15.06],[76.88,15.02],[76.92,15.04],[76.96,15.02],[77,15.02],[77.04,15.02],[77.08,15],[77.1,15.02],[77.12,15.1],[77.14,15.1],[77.16,15.16],[77.14,15.22],[77.14,15.28],[77.12,15.28],[77.1,15.32],[77.06,15.32],[77.04,15.36],[77.02,15.44],[76.98,15.5],[77.02,15.5],[77.02,15.62],[77.08,15.66],[77.08,15.7],[77.04,15.72],[77.06,15.82],[77.04,15.86],[77.08,15.9],[77.14,15.94],[77.24,15.96],[77.36,15.94],[77.42,15.94],[77.5,15.92],[77.52,16],[77.5,16.04],[77.5,16.08],[77.48,16.12],[77.5,16.18],[77.48,16.24],[77.6,16.32],[77.52,16.38],[77.48,16.38],[77.42,16.36],[77.28,16.4],[77.26,16.46],[77.36,16.48],[77.42,16.52],[77.42,16.56],[77.46,16.6],[77.42,16.66],[77.46,16.68],[77.46,16.7],[77.42,16.72],[77.44,16.76],[77.48,16.8],[77.46,16.9],[77.48,17],[77.5,17],[77.46,17.1],[77.38,17.14],[77.36,17.16],[77.38,17.22],[77.46,17.28],[77.44,17.28],[77.46,17.34],[77.52,17.36],[77.52,17.42],[77.58,17.42],[77.62,17.46],[77.68,17.5],[77.66,17.52],[77.54,17.54],[77.52,17.58],[77.48,17.56],[77.44,17.58],[77.46,17.7],[77.54,17.72],[77.56,17.76],[77.5,17.78],[77.52,17.82],[77.56,17.84],[77.56,17.86],[77.62,17.9],[77.62,17.94],[77.66,17.96],[77.6,18.02],[77.56,18.04],[77.56,18.08],[77.6,18.08],[77.6,18.16],[77.58,18.18],[77.58,18.24],[77.6,18.28],[77.54,18.3]]]},"properties":{"ID_0":105,"ISO":"IND","NAME_0":"India","ID_1":17,"NAME_1":"Karnataka"}},
{"type":"Feature","geometry":{"type":"Polygon","coordinates":[[[75.32,12.5],[75.28,12.52],[75.28,12.56],[75.3,12.6],[75.28,12.62],[75.24,12.56],[75.22,12.58],[75.2,12.62],[75.16,12.62],[75.16,12.66],[75.12,12.68],[75.04,12.66],[75.04,12.72],[75,12.72],[75,12.74],[75,12.78],[74.96,12.78],[74.86,12.76],[74.98,12.5],[75.02,12.42],[75.04,12.38],[75.12,12.2],[75.18,12.12],[75.18,12.04],[75.24,12.02],[75.22,12.04],[75.22,12.06],[75.24,12.12],[75.24,12.1],[75.26,12.1],[75.28,12.1],[75.28,12.12],[75.3,12.14],[75.32,12.14],[75.34,12.14],[75.36,12.14],[75.38,12.14],[75.4,12.14],[75.4,12.12],[75.38,12.12],[75.36,12.12],[75.36,12.1],[75.34,12.1],[75.32,12.1],[75.3,12.1],[75.32,12.08],[75.3,12.06],[75.32,12.04],[75.3,11.98],[75.3,11.94],[75.36,11.86],[75.38,11.86],[75.52,11.7],[75.56,11.66],[75.62,11.48],[75.68,11.44],[75.74,11.34],[75.8,11.16],[75.84,11.1],[75.88,10.94],[75.92,10.8],[76,10.58],[76.08,10.42],[76.12,10.34],[76.14,10.26],[76.18,10.14],[76.22,9.98],[76.24,10.04],[76.2,10.14],[76.26,10.08],[76.26,10.06],[76.28,9.98],[76.32,9.88],[76.36,9.92],[76.38,9.84],[76.36,9.8],[76.4,9.74],[76.38,9.7],[76.42,9.7],[76.4,9.64],[76.42,9.62],[76.42,9.56],[76.5,9.52],[76.36,9.52],[76.36,9.62],[76.4,9.66],[76.36,9.7],[76.38,9.74],[76.34,9.88],[76.28,9.9],[76.26,9.88],[76.28,9.76],[76.3,9.58],[76.32,9.44],[76.36,9.38],[76.52,9.02],[76.54,8.92],[76.56,8.88],[76.62,8.86],[76.7,8.74],[76.88,8.5],[76.96,8.42],[76.98,8.38],[77.1,8.3],[77.14,8.32],[77.16,8.38],[77.18,8.44],[77.2,8.48],[77.24,8.5],[77.26,8.54],[77.22,8.62],[77.2,8.64],[77.18,8.74],[77.22,8.78],[77.24,8.84],[77.24,8.86],[77.2,8.9],[77.18,8.94],[77.14,9.02],[77.18,9.04],[77.2,9.08],[77.26,9.14],[77.26,9.2],[77.26,9.3],[77.32,9.36],[77.32,9.4],[77.36,9.44],[77.38,9.44],[77.4,9.5],[77.3,9.6],[77.26,9.56],[77.22,9.58],[77.18,9.6],[77.16,9.64],[77.2,9.72],[77.2,9.78],[77.22,9.84],[77.2,9.86],[77.22,9.92],[77.26,9.96],[77.24,10.02],[77.18,10.1],[77.26,10.12],[77.26,10.18],[77.26,10.26],[77.22,10.3],[77.22,10.34],[77.16,10.34],[77.04,10.28],[77.04,10.24],[76.98,10.22],[76.9,10.24],[76.86,10.28],[76.82,10.3],[76.84,10.36],[76.8,10.42],[76.82,10.44],[76.82,10.58],[76.8,10.62],[76.88,10.62],[76.88,10.7],[76.9,10.78],[76.86,10.8],[76.82,10.86],[76.78,10.88],[76.74,10.88],[76.66,10.92],[76.66,10.96],[76.7,11.02],[76.74,11.06],[76.74,11.1],[76.7,11.14],[76.68,11.16],[76.72,11.2],[76.7,11.24],[76.62,11.18],[76.58,11.2],[76.44,11.2],[76.44,11.24],[76.52,11.26],[76.54,11.32],[76.54,11.36],[76.44,11.38],[76.36,11.44],[76.32,11.44],[76.26,11.48],[76.24,11.52],[76.22,11.56],[76.28,11.6],[76.3,11.56],[76.38,11.6],[76.38,11.62],[76.42,11.62],[76.42,11.66],[76.4,11.68],[76.42,11.72],[76.4,11.74],[76.34,11.74],[76.32,11.74],[76.28,11.8],[76.22,11.8],[76.18,11.86],[76.1,11.86],[76.1,11.98],[76.02,11.94],[75.98,11.92],[75.88,11.94],[75.82,11.98],[75.8,12.04],[75.8,12.08],[75.72,12.06],[75.7,12.08],[75.7,12.1],[75.68,12.1],[75.66,12.1],[75.64,12.14],[75.62,12.14],[75.6,12.14],[75.58,12.16],[75.56,12.16],[75.56,12.18],[75.54,12.2],[75.52,12.22],[75.52,12.24],[75.52,12.26],[75.5,12.26],[75.46,12.3],[75.44,12.3],[75.42,12.28],[75.44,12.3],[75.42,12.3],[75.42,12.34],[75.42,12.36],[75.4,12.38],[75.36,12.4],[75.36,12.44],[75.36,12.46],[75.4,12.44],[75.42,12.46],[75.42,12.5],[75.4,12.48],[75.4,12.5],[75.38,12.5],[75.38,12.48],[75.34,12.46],[75.34,12.48],[75.32,12.5]]]},"properties":{"ID_0":105,"ISO":"IND","NAME_0":"India","ID_1":18,"NAME_1":"Kerala"}},
{"type":"Feature","geometry":{"type":"Polygon","coordinates":[[[73.08,8.32],[73.06,8.3],[73.04,8.26],[73.06,8.28],[73.06,8.3],[73.08,8.32]]]},"properties":{"ID_0":105,"ISO":"IND","NAME_0":"India","ID_1":19,"NAME_1":"Lakshadweep"}},
{"type":"Feature","geometry":{"type":"Polygon","coordinates":[[[82.8,23.96],[82.8,24],[82.74,24.02],[82.76,24.08],[82.7,24.08],[82.66,24.14],[82.72,24.14],[82.74,24.16],[82.72,24.22],[82.74,24.24],[82.76,24.3],[82.76,24.38],[82.7,24.38],[82.72,24.42],[82.72,24.56],[82.74,24.54],[82.8,24.56],[82.8,24.6],[82.76,24.64],[82.7,24.64],[82.66,24.7],[82.52,24.66],[82.42,24.7],[82.4,24.68],[82.4,24.6],[82.36,24.6],[82.3,24.62],[82.3,24.66],[82.24,24.7],[82.24,24.76],[82.2,24.76],[82.2,24.8],[82.12,24.8],[82.08,24.82],[82,24.86],[81.96,24.84],[81.9,24.88],[81.92,24.92],[81.9,24.98],[81.82,25.02],[81.8,25.02],[81.72,25.06],[81.64,25.08],[81.6,25.14],[81.56,25.2],[81.54,25.18],[81.5,25.14],[81.48,25.08],[81.44,25.1],[81.42,25.14],[81.38,25.12],[81.34,25.16],[81.26,25.16],[81.24,25.1],[81.26,25.06],[81.2,25],[81.2,24.94],[81.16,24.96],[81.12,24.9],[81.08,24.96],[81.02,24.96],[80.96,24.94],[80.94,24.98],[80.86,24.94],[80.8,24.94],[80.86,25],[80.82,25.02],[80.88,25.08],[80.86,25.12],[80.9,25.16],[80.86,25.18],[80.82,25.14],[80.76,25.14],[80.72,25.1],[80.78,25.08],[80.68,25.06],[80.6,25.16],[80.58,25.08],[80.48,25.04],[80.44,25.08],[80.4,25.08],[80.36,25.02],[80.32,25],[80.26,25.04],[80.34,25.14],[80.42,25.18],[80.4,25.22],[80.34,25.28],[80.3,25.3],[80.3,25.4],[80.28,25.42],[80.24,25.4],[80.18,25.4],[80.12,25.34],[80.08,25.36],[80.02,25.34],[80,25.28],[79.94,25.26],[79.84,25.24],[79.86,25.16],[79.82,25.1],[79.74,25.14],[79.66,25.12],[79.56,25.16],[79.48,25.08],[79.38,25.12],[79.38,25.18],[79.4,25.2],[79.44,25.22],[79.4,25.28],[79.3,25.34],[79.26,25.32],[79.34,25.24],[79.28,25.22],[79.32,25.16],[79.28,25.12],[79.2,25.12],[79.14,25.12],[79.1,25.18],[79.02,25.18],[79.02,25.24],[78.98,25.28],[78.96,25.22],[78.86,25.18],[78.9,25.28],[78.98,25.3],[78.94,25.34],[78.88,25.34],[78.86,25.32],[78.86,25.28],[78.84,25.24],[78.8,25.3],[78.88,25.38],[78.98,25.38],[78.96,25.44],[78.92,25.42],[78.94,25.54],[78.92,25.56],[78.88,25.56],[78.88,25.52],[78.84,25.52],[78.86,25.46],[78.78,25.48],[78.72,25.46],[78.76,25.44],[78.76,25.36],[78.66,25.38],[78.7,25.42],[78.68,25.44],[78.6,25.42],[78.58,25.36],[78.54,25.34],[78.52,25.28],[78.56,25.26],[78.56,25.22],[78.6,25.16],[78.6,25.1],[78.64,25.06],[78.62,24.96],[78.66,24.94],[78.66,24.9],[78.76,24.86],[78.78,24.82],[78.76,24.8],[78.78,24.7],[78.74,24.66],[78.76,24.6],[78.78,24.6],[78.84,24.6],[78.88,24.64],[78.92,24.58],[78.94,24.56],[78.94,24.48],[78.92,24.46],[78.98,24.42],[78.96,24.36],[78.9,24.3],[78.86,24.22],[78.82,24.2],[78.78,24.18],[78.76,24.24],[78.7,24.24],[78.62,24.3],[78.58,24.36],[78.5,24.4],[78.44,24.3],[78.38,24.28],[78.34,24.3],[78.32,24.34],[78.36,24.38],[78.26,24.44],[78.22,24.54],[78.26,24.56],[78.26,24.62],[78.26,24.66],[78.22,24.74],[78.22,24.78],[78.18,24.88],[78.32,25],[78.34,25.02],[78.32,25.08],[78.38,25.12],[78.42,25.12],[78.44,25.16],[78.38,25.2],[78.36,25.24],[78.34,25.34],[78.3,25.36],[78.34,25.4],[78.34,25.44],[78.42,25.48],[78.4,25.54],[78.48,25.58],[78.58,25.56],[78.6,25.58],[78.64,25.56],[78.68,25.6],[78.8,25.62],[78.82,25.68],[78.8,25.72],[78.76,25.72],[78.82,25.84],[78.86,25.8],[78.86,25.88],[78.88,25.92],[78.94,26],[78.94,26.04],[79,26.08],[78.94,26.14],[79,26.16],[79,26.2],[79.04,26.22],[79.06,26.28],[79.1,26.32],[79.12,26.36],[79.08,26.4],[79.12,26.44],[79.04,26.46],[79.06,26.5],[79,26.56],[78.98,26.6],[79,26.62],[78.98,26.68],[78.9,26.72],[78.86,26.7],[78.82,26.76],[78.76,26.76],[78.72,26.8],[78.66,26.76],[78.62,26.78],[78.56,26.76],[78.52,26.78],[78.46,26.8],[78.42,26.84],[78.38,26.82],[78.36,26.88],[78.28,26.86],[78.26,26.82],[78.2,26.84],[78.18,26.8],[78.1,26.78],[78.08,26.68],[78,26.7],[77.94,26.66],[77.9,26.66],[77.88,26.62],[77.82,26.6],[77.82,26.56],[77.74,26.54],[77.72,26.52],[77.68,26.5],[77.6,26.46],[77.56,26.44],[77.52,26.42],[77.42,26.4],[77.44,26.36],[77.36,26.38],[77.32,26.34],[77.3,26.32],[77.26,26.28],[77.2,26.24],[77.12,26.24],[77.1,26.2],[77.02,26.18],[77,26.14],[76.94,26.1],[76.88,26.1],[76.88,26.06],[76.8,25.94],[76.74,25.9],[76.64,25.9],[76.6,25.88],[76.52,25.8],[76.52,25.74],[76.48,25.72],[76.52,25.68],[76.5,25.58],[76.52,25.52],[76.58,25.44],[76.6,25.38],[76.68,25.34],[76.74,25.34],[76.78,25.32],[76.84,25.34],[76.96,25.3],[77.02,25.3],[77.08,25.34],[77.16,25.32],[77.22,25.34],[77.22,25.38],[77.3,25.44],[77.36,25.42],[77.34,25.38],[77.38,25.3],[77.34,25.28],[77.4,25.22],[77.4,25.18],[77.38,25.12],[77.3,25.08],[77.26,25.12],[77.16,25.12],[77.16,25.08],[77.08,25.06],[76.98,25.08],[76.96,25.06],[76.9,25.04],[76.86,25.02],[76.88,24.96],[76.92,24.92],[76.94,24.88],[76.9,24.84],[76.84,24.84],[76.8,24.82],[76.84,24.76],[76.92,24.74],[77.02,24.72],[77.06,24.64],[77.06,24.56],[77.06,24.52],[77,24.48],[76.96,24.46],[76.92,24.48],[76.92,24.54],[76.84,24.56],[76.82,24.54],[76.86,24.46],[76.84,24.36],[76.88,24.28],[76.94,24.2],[76.92,24.18],[76.9,24.14],[76.86,24.14],[76.8,24.12],[76.76,24.16],[76.72,24.16],[76.68,24.2],[76.7,24.24],[76.68,24.28],[76.62,24.26],[76.58,24.22],[76.58,24.18],[76.52,24.16],[76.5,24.2],[76.46,24.22],[76.42,24.2],[76.36,24.24],[76.32,24.26],[76.28,24.22],[76.2,24.24],[76.2,24.28],[76.14,24.28],[76.16,24.24],[76.12,24.2],[76.14,24.1],[76.04,24.08],[76.02,24.06],[75.96,24.02],[75.98,23.98],[75.98,23.94],[75.88,23.88],[75.86,23.9],[75.78,23.86],[75.72,23.9],[75.72,23.82],[75.64,23.8],[75.58,23.8],[75.56,23.86],[75.46,23.92],[75.46,23.98],[75.52,24.04],[75.58,24.02],[75.64,24],[75.66,24.04],[75.7,23.96],[75.76,24],[75.78,24.06],[75.82,24.08],[75.84,24.1],[75.78,24.1],[75.74,24.14],[75.78,24.22],[75.8,24.22],[75.82,24.3],[75.76,24.32],[75.74,24.34],[75.74,24.4],[75.78,24.46],[75.82,24.42],[75.9,24.44],[75.9,24.5],[75.92,24.54],[75.92,24.58],[75.86,24.62],[75.84,24.72],[75.78,24.76],[75.74,24.76],[75.68,24.72],[75.66,24.7],[75.62,24.68],[75.58,24.72],[75.54,24.72],[75.46,24.7],[75.22,24.74],[75.2,24.78],[75.24,24.86],[75.28,24.86],[75.3,24.82],[75.42,24.86],[75.32,24.88],[75.32,24.86],[75.26,24.88],[75.28,24.92],[75.32,24.9],[75.34,24.96],[75.32,25.04],[75.16,25.02],[75.16,25],[75.12,24.96],[75.12,24.88],[75.08,24.88],[75.04,24.86],[75.02,24.88],[74.94,24.88],[74.92,24.9],[74.9,24.94],[74.86,24.94],[74.84,24.96],[74.82,24.9],[74.86,24.86],[74.86,24.82],[74.9,24.8],[75.02,24.8],[75,24.76],[75,24.7],[74.96,24.7],[74.94,24.66],[74.88,24.66],[74.82,24.76],[74.78,24.68],[74.82,24.68],[74.74,24.6],[74.76,24.48],[74.82,24.5],[74.86,24.46],[74.78,24.36],[74.78,24.28],[74.88,24.28],[74.9,24.24],[74.88,24.22],[74.9,24.18],[74.96,24.12],[75,24.02],[74.96,23.98],[74.92,23.92],[74.9,23.86],[74.94,23.74],[74.92,23.66],[74.94,23.64],[74.88,23.6],[74.86,23.56],[74.8,23.54],[74.78,23.54],[74.74,23.52],[74.62,23.46],[74.58,23.42],[74.58,23.38],[74.54,23.36],[74.54,23.32],[74.54,23.28],[74.62,23.28],[74.64,23.26],[74.7,23.28],[74.74,23.22],[74.72,23.2],[74.66,23.2],[74.6,23.14],[74.54,23.14],[74.54,23.1],[74.46,23.08],[74.4,23.12],[74.32,23.06],[74.38,22.98],[74.34,22.96],[74.38,22.9],[74.46,22.92],[74.48,22.86],[74.46,22.82],[74.4,22.74],[74.38,22.64],[74.36,22.64],[74.28,22.64],[74.24,22.62],[74.22,22.56],[74.08,22.5],[74.1,22.44],[74.24,22.44],[74.28,22.4],[74.2,22.34],[74.2,22.32],[74.14,22.34],[74.12,22.38],[74.08,22.36],[74.06,22.28],[74.08,22.26],[74.08,22.22],[74.12,22.22],[74.14,22.06],[74.1,22],[74.16,21.98],[74.14,21.96],[74.2,21.92],[74.3,21.94],[74.3,21.96],[74.34,21.98],[74.38,22.02],[74.44,22.04],[74.46,21.96],[74.5,21.96],[74.52,21.9],[74.5,21.8],[74.52,21.72],[74.56,21.72],[74.58,21.66],[74.66,21.66],[74.72,21.62],[74.82,21.62],[74.86,21.64],[74.98,21.6],[75.06,21.56],[75.1,21.46],[75.12,21.44],[75.22,21.42],[75.38,21.38],[75.46,21.4],[75.54,21.38],[75.62,21.4],[75.68,21.38],[75.7,21.4],[75.84,21.38],[75.88,21.4],[75.96,21.4],[76.06,21.36],[76.1,21.38],[76.12,21.3],[76.16,21.26],[76.16,21.18],[76.12,21.16],[76.14,21.12],[76.18,21.08],[76.26,21.1],[76.28,21.08],[76.38,21.08],[76.42,21.1],[76.46,21.12],[76.5,21.2],[76.52,21.18],[76.56,21.2],[76.62,21.2],[76.66,21.28],[76.62,21.32],[76.66,21.36],[76.74,21.4],[76.74,21.44],[76.8,21.48],[76.76,21.52],[76.8,21.6],[76.86,21.62],[76.9,21.6],[77,21.68],[77.06,21.72],[77.12,21.72],[77.2,21.7],[77.26,21.72],[77.28,21.76],[77.4,21.76],[77.44,21.76],[77.5,21.74],[77.56,21.66],[77.58,21.58],[77.6,21.54],[77.56,21.52],[77.5,21.56],[77.42,21.54],[77.44,21.48],[77.46,21.46],[77.48,21.38],[77.64,21.4],[77.68,21.38],[77.8,21.4],[77.8,21.42],[77.9,21.38],[77.98,21.4],[78.06,21.44],[78.16,21.5],[78.18,21.56],[78.22,21.56],[78.26,21.58],[78.36,21.58],[78.42,21.6],[78.44,21.5],[78.48,21.5],[78.5,21.52],[78.56,21.52],[78.62,21.48],[78.68,21.48],[78.72,21.46],[78.76,21.48],[78.94,21.48],[78.92,21.56],[78.98,21.62],[79,21.6],[79.1,21.6],[79.14,21.66],[79.22,21.66],[79.24,21.72],[79.28,21.7],[79.4,21.68],[79.42,21.7],[79.48,21.68],[79.52,21.62],[79.5,21.6],[79.58,21.54],[79.66,21.56],[79.74,21.6],[79.8,21.58],[79.86,21.54],[79.92,21.52],[79.92,21.56],[80.06,21.56],[80.12,21.6],[80.14,21.6],[80.18,21.64],[80.26,21.62],[80.3,21.58],[80.38,21.52],[80.38,21.5],[80.42,21.44],[80.38,21.4],[80.4,21.38],[80.44,21.38],[80.44,21.4],[80.52,21.38],[80.6,21.32],[80.66,21.34],[80.68,21.38],[80.74,21.48],[80.74,21.54],[80.7,21.6],[80.7,21.68],[80.74,21.76],[80.82,21.74],[80.84,21.8],[80.84,21.88],[80.82,21.88],[80.84,21.94],[80.86,22.02],[80.88,22.06],[80.92,22.12],[80.96,22.12],[80.96,22.06],[81,22.06],[81.02,22.2],[81.02,22.22],[81.08,22.24],[81.12,22.3],[81.12,22.34],[81.1,22.38],[81.1,22.44],[81.14,22.46],[81.18,22.48],[81.22,22.46],[81.32,22.52],[81.38,22.5],[81.38,22.44],[81.44,22.5],[81.48,22.5],[81.52,22.54],[81.56,22.56],[81.6,22.54],[81.64,22.58],[81.64,22.6],[81.68,22.64],[81.76,22.68],[81.74,22.72],[81.78,22.76],[81.76,22.84],[81.76,22.88],[81.86,22.9],[81.92,22.94],[81.94,22.96],[81.94,23],[81.92,23.04],[81.94,23.08],[82.02,23.08],[82.06,23.12],[82.12,23.1],[82.16,23.14],[82.14,23.16],[82.14,23.22],[82.18,23.28],[82.18,23.32],[82.14,23.36],[82.1,23.36],[82.1,23.4],[82.02,23.38],[82.02,23.42],[81.98,23.42],[81.94,23.5],[81.92,23.54],[81.82,23.52],[81.8,23.54],[81.72,23.56],[81.7,23.52],[81.66,23.54],[81.64,23.5],[81.6,23.52],[81.6,23.6],[81.62,23.66],[81.64,23.66],[81.68,23.72],[81.64,23.78],[81.64,23.8],[81.6,23.86],[81.6,23.9],[81.66,23.92],[81.7,23.86],[81.78,23.82],[81.82,23.8],[81.9,23.84],[81.92,23.88],[81.96,23.86],[82,23.86],[82.04,23.82],[82.14,23.82],[82.2,23.84],[82.3,23.8],[82.38,23.8],[82.46,23.82],[82.48,23.78],[82.54,23.8],[82.62,23.84],[82.66,23.88],[82.66,23.9],[82.7,23.92],[82.74,23.92],[82.8,23.96]]]},"properties":{"ID_0":105,"ISO":"IND","NAME_0":"India","ID_1":20,"NAME_1":"Madhya Pradesh"}},
{"type":"Feature","geometry":{"type":"Polygon","coordinates":[[[80.66,21.34],[80.6,21.32],[80.52,21.38],[80.44,21.4],[80.44,21.38],[80.4,21.38],[80.38,21.4],[80.42,21.44],[80.38,21.5],[80.38,21.52],[80.3,21.58],[80.26,21.62],[80.18,21.64],[80.14,21.6],[80.12,21.6],[80.06,21.56],[79.92,21.56],[79.92,21.52],[79.86,21.54],[79.8,21.58],[79.74,21.6],[79.66,21.56],[79.58,21.54],[79.5,21.6],[79.52,21.62],[79.48,21.68],[79.42,21.7],[79.4,21.68],[79.28,21.7],[79.24,21.72],[79.22,21.66],[79.14,21.66],[79.1,21.6],[79,21.6],[78.98,21.62],[78.92,21.56],[78.94,21.48],[78.76,21.48],[78.72,21.46],[78.68,21.48],[78.62,21.48],[78.56,21.52],[78.5,21.52],[78.48,21.5],[78.44,21.5],[78.42,21.6],[78.36,21.58],[78.26,21.58],[78.22,21.56],[78.18,21.56],[78.16,21.5],[78.06,21.44],[77.98,21.4],[77.9,21.38],[77.8,21.42],[77.8,21.4],[77.68,21.38],[77.64,21.4],[77.48,21.38],[77.46,21.46],[77.44,21.48],[77.42,21.54],[77.5,21.56],[77.56,21.52],[77.6,21.54],[77.58,21.58],[77.56,21.66],[77.5,21.74],[77.44,21.76],[77.4,21.76],[77.28,21.76],[77.26,21.72],[77.2,21.7],[77.12,21.72],[77.06,21.72],[77,21.68],[76.9,21.6],[76.86,21.62],[76.8,21.6],[76.76,21.52],[76.8,21.48],[76.74,21.44],[76.74,21.4],[76.66,21.36],[76.62,21.32],[76.66,21.28],[76.62,21.2],[76.56,21.2],[76.52,21.18],[76.5,21.2],[76.46,21.12],[76.42,21.1],[76.38,21.08],[76.28,21.08],[76.26,21.1],[76.18,21.08],[76.14,21.12],[76.12,21.16],[76.16,21.18],[76.16,21.26],[76.12,21.3],[76.1,21.38],[76.06,21.36],[75.96,21.4],[75.88,21.4],[75.84,21.38],[75.7,21.4],[75.68,21.38],[75.62,21.4],[75.54,21.38],[75.46,21.4],[75.38,21.38],[75.22,21.42],[75.12,21.44],[75.1,21.46],[75.06,21.56],[74.98,21.6],[74.86,21.64],[74.82,21.62],[74.72,21.62],[74.66,21.66],[74.58,21.66],[74.56,21.72],[74.52,21.72],[74.5,21.8],[74.52,21.9],[74.5,21.96],[74.46,21.96],[74.44,22.04],[74.38,22.02],[74.34,21.98],[74.3,21.96],[74.3,21.94],[74.2,21.92],[74.14,21.96],[74.04,21.92],[74.02,21.9],[73.88,21.84],[73.84,21.84],[73.82,21.82],[73.84,21.74],[73.9,21.72],[73.88,21.64],[73.78,21.62],[73.82,21.6],[73.86,21.5],[73.98,21.54],[74.06,21.56],[74.18,21.56],[74.2,21.52],[74.24,21.56],[74.3,21.56],[74.34,21.54],[74.3,21.48],[74.22,21.46],[74.18,21.46],[74.12,21.44],[74.06,21.46],[74.06,21.42],[73.96,21.4],[73.94,21.3],[73.9,21.26],[73.84,21.26],[73.82,21.18],[73.74,21.16],[73.64,21.14],[73.7,21.1],[73.74,21.1],[73.74,21.04],[73.82,21],[73.9,20.98],[73.9,20.94],[73.94,20.88],[73.94,20.84],[73.94,20.76],[73.92,20.72],[73.88,20.74],[73.84,20.7],[73.84,20.62],[73.78,20.6],[73.74,20.56],[73.7,20.58],[73.66,20.56],[73.64,20.58],[73.62,20.62],[73.56,20.64],[73.46,20.72],[73.44,20.66],[73.4,20.66],[73.44,20.6],[73.48,20.58],[73.48,20.5],[73.44,20.46],[73.42,20.38],[73.44,20.28],[73.42,20.26],[73.42,20.2],[73.38,20.2],[73.32,20.2],[73.3,20.16],[73.26,20.12],[73.22,20.12],[73.22,20.1],[73.18,20.06],[73.14,20.08],[73.12,20.08],[73.1,20.08],[73.08,20.1],[73.06,20.1],[73.06,20.06],[73.04,20.08],[73.02,20.12],[73.02,20.14],[73,20.14],[73,20.12],[72.98,20.12],[72.98,20.14],[72.98,20.16],[72.98,20.22],[72.88,20.22],[72.86,20.2],[72.82,20.16],[72.78,20.14],[72.74,20.14],[72.72,20.08],[72.7,20.06],[72.72,19.98],[72.66,19.94],[72.68,19.86],[72.66,19.82],[72.68,19.82],[72.68,19.74],[72.74,19.6],[72.72,19.6],[72.72,19.52],[72.78,19.5],[72.74,19.46],[72.76,19.38],[72.8,19.34],[72.78,19.3],[72.78,19.22],[72.8,19.18],[72.78,19.16],[72.82,19.12],[72.82,19.04],[72.8,18.96],[72.84,18.92],[72.86,19],[72.92,19],[73,19.06],[73.02,18.98],[72.94,18.94],[72.9,18.88],[72.92,18.86],[72.98,18.86],[72.98,18.82],[72.92,18.8],[72.86,18.8],[72.86,18.7],[72.92,18.54],[72.92,18.52],[72.9,18.46],[72.92,18.36],[72.96,18.34],[73,18.28],[73.04,18.26],[73.06,18.22],[72.98,18.24],[72.94,18.22],[72.98,18.2],[72.98,18.1],[72.98,18.06],[73.02,18.02],[73.02,17.94],[73.06,17.94],[73.14,17.7],[73.12,17.68],[73.12,17.64],[73.16,17.56],[73.14,17.54],[73.18,17.5],[73.18,17.38],[73.2,17.38],[73.22,17.34],[73.2,17.28],[73.22,17.26],[73.24,17.2],[73.28,17.06],[73.28,17.04],[73.3,16.98],[73.28,16.94],[73.3,16.9],[73.3,16.82],[73.32,16.8],[73.3,16.72],[73.36,16.62],[73.32,16.58],[73.32,16.54],[73.36,16.44],[73.38,16.36],[73.42,16.24],[73.44,16.16],[73.46,16.08],[73.52,15.94],[73.58,15.9],[73.62,15.86],[73.68,15.72],[73.7,15.72],[73.72,15.72],[73.78,15.72],[73.82,15.74],[73.86,15.8],[73.9,15.74],[73.94,15.74],[73.98,15.68],[73.98,15.62],[74,15.6],[74.08,15.62],[74.12,15.66],[74.14,15.72],[74.16,15.74],[74.3,15.74],[74.36,15.76],[74.38,15.8],[74.38,15.84],[74.36,15.88],[74.44,15.96],[74.46,16.04],[74.44,16.06],[74.4,16.04],[74.38,16.06],[74.44,16.12],[74.48,16.08],[74.5,16.22],[74.48,16.24],[74.42,16.26],[74.38,16.3],[74.34,16.3],[74.32,16.36],[74.34,16.4],[74.34,16.46],[74.3,16.48],[74.28,16.52],[74.34,16.56],[74.38,16.52],[74.4,16.58],[74.48,16.6],[74.5,16.62],[74.56,16.64],[74.54,16.6],[74.58,16.56],[74.7,16.62],[74.66,16.64],[74.7,16.68],[74.7,16.72],[74.74,16.72],[74.78,16.74],[74.86,16.76],[74.92,16.78],[74.92,16.86],[74.94,16.88],[74.96,16.9],[75,16.94],[75.1,16.92],[75.18,16.86],[75.18,16.84],[75.24,16.84],[75.28,16.88],[75.28,16.96],[75.34,16.96],[75.4,16.98],[75.44,16.96],[75.46,16.98],[75.5,16.94],[75.54,16.96],[75.58,16.96],[75.56,17],[75.6,17],[75.62,16.96],[75.64,16.96],[75.66,16.98],[75.68,17.08],[75.68,17.12],[75.64,17.16],[75.64,17.18],[75.66,17.22],[75.66,17.28],[75.6,17.3],[75.62,17.34],[75.58,17.38],[75.62,17.4],[75.64,17.48],[75.68,17.46],[75.7,17.42],[75.74,17.42],[75.82,17.36],[75.82,17.42],[75.9,17.4],[75.9,17.36],[75.94,17.32],[76.12,17.36],[76.16,17.34],[76.22,17.36],[76.28,17.36],[76.28,17.34],[76.38,17.32],[76.4,17.36],[76.36,17.38],[76.38,17.44],[76.36,17.48],[76.34,17.6],[76.42,17.6],[76.42,17.64],[76.48,17.66],[76.48,17.72],[76.52,17.72],[76.52,17.76],[76.6,17.76],[76.66,17.72],[76.7,17.7],[76.74,17.78],[76.78,17.82],[76.74,17.86],[76.78,17.88],[76.86,17.9],[76.88,17.9],[76.92,17.94],[76.92,18.04],[76.96,18.04],[76.96,18.12],[76.92,18.12],[76.96,18.18],[77.06,18.16],[77.1,18.16],[77.1,18.2],[77.14,18.2],[77.18,18.28],[77.2,18.28],[77.24,18.4],[77.32,18.44],[77.36,18.42],[77.4,18.4],[77.4,18.34],[77.4,18.3],[77.46,18.26],[77.54,18.3],[77.52,18.34],[77.58,18.44],[77.58,18.46],[77.6,18.54],[77.64,18.56],[77.66,18.52],[77.72,18.56],[77.74,18.58],[77.74,18.68],[77.78,18.7],[77.84,18.8],[77.94,18.84],[77.9,18.86],[77.88,18.9],[77.84,18.92],[77.86,18.96],[77.82,18.98],[77.76,18.98],[77.76,19.06],[77.8,19.06],[77.8,19.1],[77.84,19.12],[77.84,19.18],[77.86,19.24],[77.9,19.28],[77.86,19.3],[77.94,19.34],[78.04,19.28],[78.12,19.24],[78.18,19.24],[78.2,19.34],[78.18,19.36],[78.18,19.4],[78.22,19.44],[78.32,19.46],[78.3,19.56],[78.32,19.6],[78.28,19.68],[78.34,19.72],[78.36,19.78],[78.34,19.84],[78.34,19.88],[78.38,19.88],[78.4,19.84],[78.48,19.82],[78.52,19.82],[78.62,19.8],[78.7,19.78],[78.78,19.78],[78.84,19.76],[78.86,19.7],[78.86,19.66],[78.92,19.66],[78.96,19.64],[78.98,19.58],[79.02,19.54],[79.1,19.52],[79.18,19.46],[79.24,19.52],[79.26,19.62],[79.42,19.54],[79.44,19.54],[79.48,19.5],[79.54,19.54],[79.56,19.52],[79.6,19.5],[79.62,19.56],[79.72,19.58],[79.74,19.6],[79.78,19.6],[79.82,19.56],[79.82,19.54],[79.88,19.5],[79.92,19.5],[79.94,19.46],[79.98,19.4],[79.94,19.28],[79.92,19.22],[79.94,19.18],[79.86,19.1],[79.86,19.06],[79.92,19.04],[79.94,18.94],[79.94,18.86],[79.9,18.84],[79.94,18.78],[80.02,18.76],[80.04,18.72],[80.1,18.68],[80.16,18.7],[80.24,18.7],[80.26,18.72],[80.24,18.74],[80.3,18.8],[80.34,18.82],[80.34,18.86],[80.26,18.94],[80.26,18.98],[80.34,19.1],[80.32,19.12],[80.34,19.16],[80.38,19.18],[80.38,19.24],[80.44,19.26],[80.48,19.32],[80.52,19.34],[80.56,19.4],[80.58,19.38],[80.6,19.32],[80.66,19.32],[80.68,19.28],[80.74,19.28],[80.76,19.3],[80.84,19.36],[80.78,19.42],[80.86,19.44],[80.9,19.46],[80.88,19.52],[80.86,19.52],[80.82,19.56],[80.78,19.56],[80.72,19.6],[80.66,19.6],[80.66,19.7],[80.58,19.74],[80.54,19.78],[80.54,19.82],[80.52,19.82],[80.46,19.82],[80.48,19.9],[80.4,19.9],[80.44,19.96],[80.46,19.94],[80.52,19.94],[80.54,19.98],[80.54,20],[80.54,20.06],[80.52,20.12],[80.46,20.14],[80.4,20.14],[80.42,20.18],[80.38,20.24],[80.46,20.26],[80.52,20.26],[80.54,20.3],[80.62,20.32],[80.58,20.4],[80.6,20.44],[80.62,20.6],[80.58,20.62],[80.52,20.58],[80.48,20.62],[80.52,20.66],[80.58,20.68],[80.56,20.72],[80.54,20.8],[80.56,20.82],[80.54,20.94],[80.46,20.92],[80.42,21],[80.44,21.04],[80.44,21.1],[80.46,21.18],[80.56,21.2],[80.64,21.26],[80.68,21.32],[80.66,21.34]]]},"properties":{"ID_0":105,"ISO":"IND","NAME_0":"India","ID_1":21,"NAME_1":"Maharashtra"}},
{"type":"Feature","geometry":{"type":"Polygon","coordinates":[[[94.68,25.46],[94.62,25.46],[94.56,25.52],[94.56,25.58],[94.58,25.64],[94.6,25.68],[94.58,25.7],[94.54,25.66],[94.48,25.62],[94.42,25.58],[94.42,25.56],[94.3,25.5],[94.22,25.5],[94.2,25.54],[94.14,25.52],[94.1,25.54],[94.06,25.56],[94.02,25.58],[93.96,25.56],[93.9,25.56],[93.84,25.56],[93.78,25.54],[93.76,25.52],[93.82,25.48],[93.78,25.42],[93.68,25.34],[93.6,25.2],[93.56,25.24],[93.5,25.26],[93.48,25.3],[93.4,25.26],[93.36,25.18],[93.34,25.1],[93.3,25.04],[93.26,25.04],[93.24,25],[93.26,24.96],[93.26,24.92],[93.2,24.84],[93.2,24.8],[93.16,24.8],[93.12,24.8],[93.08,24.7],[93.08,24.64],[93.1,24.58],[93.06,24.54],[93.04,24.5],[93.04,24.48],[93.04,24.42],[93,24.4],[93.02,24.4],[93.04,24.32],[93,24.28],[93.02,24.22],[92.98,24.12],[93.06,24.1],[93.08,24.1],[93.12,24.06],[93.22,24.06],[93.22,24.08],[93.28,24.06],[93.34,24.06],[93.36,24.1],[93.42,24.08],[93.46,24],[93.48,23.98],[93.54,23.96],[93.6,23.98],[93.62,24.02],[93.76,24],[93.8,23.94],[93.86,23.94],[93.9,23.96],[94.02,23.94],[94.06,23.9],[94.1,23.9],[94.12,23.84],[94.16,23.86],[94.16,23.92],[94.24,24.04],[94.26,24.08],[94.26,24.16],[94.28,24.18],[94.3,24.24],[94.36,24.34],[94.38,24.38],[94.42,24.46],[94.46,24.58],[94.52,24.62],[94.56,24.68],[94.56,24.72],[94.62,24.72],[94.64,24.84],[94.7,24.9],[94.7,24.96],[94.74,25.02],[94.76,25.06],[94.74,25.14],[94.6,25.2],[94.58,25.22],[94.6,25.28],[94.64,25.38],[94.68,25.42],[94.68,25.46]]]},"properties":{"ID_0":105,"ISO":"IND","NAME_0":"India","ID_1":22,"NAME_1":"Manipur"}},
{"type":"Feature","geometry":{"type":"Polygon","coordinates":[[[92.42,25.04],[92.46,25.06],[92.48,25.1],[92.52,25.1],[92.52,25.14],[92.62,25.12],[92.68,25.18],[92.74,25.2],[92.78,25.2],[92.76,25.26],[92.8,25.28],[92.76,25.34],[92.66,25.44],[92.6,25.42],[92.58,25.5],[92.64,25.54],[92.66,25.58],[92.58,25.56],[92.56,25.58],[92.56,25.62],[92.5,25.62],[92.46,25.68],[92.44,25.68],[92.42,25.74],[92.38,25.74],[92.34,25.72],[92.24,25.7],[92.16,25.66],[92.16,25.7],[92.16,25.74],[92.16,25.82],[92.18,25.88],[92.22,25.9],[92.16,25.92],[92.16,25.96],[92.26,26.02],[92.24,26.06],[92.18,26.08],[92.14,26.04],[92.06,26.04],[92,26.04],[91.94,26.02],[91.88,26.04],[91.88,26.1],[91.82,26.12],[91.8,26.08],[91.74,26.06],[91.72,25.96],[91.66,25.9],[91.64,25.94],[91.64,26.02],[91.58,26.02],[91.56,25.98],[91.52,25.96],[91.46,25.86],[91.42,25.86],[91.34,25.84],[91.28,25.74],[91.22,25.72],[91.18,25.74],[91.18,25.78],[91.2,25.84],[91.16,25.86],[91.12,25.84],[91.06,25.82],[91.04,25.84],[91,25.82],[91.02,25.88],[90.96,25.88],[90.96,25.94],[90.88,25.96],[90.8,25.94],[90.78,25.9],[90.74,25.92],[90.72,25.96],[90.62,25.94],[90.58,25.96],[90.54,25.96],[90.48,26.02],[90.42,25.98],[90.4,26.02],[90.36,26.02],[90.32,25.98],[90.22,25.96],[90.12,25.96],[90.1,25.94],[90.1,25.92],[90.08,25.92],[90.06,25.92],[90.06,25.9],[90.02,25.9],[90.02,25.88],[90.02,25.86],[90.02,25.84],[90,25.84],[89.96,25.82],[89.94,25.82],[89.96,25.82],[89.96,25.78],[89.92,25.74],[89.9,25.74],[89.92,25.7],[89.94,25.68],[89.98,25.64],[90,25.62],[90,25.58],[89.92,25.56],[89.88,25.54],[89.88,25.52],[89.88,25.48],[89.86,25.48],[89.82,25.38],[89.82,25.34],[89.86,25.28],[89.9,25.3],[89.98,25.3],[90.06,25.26],[90.12,25.22],[90.32,25.18],[90.46,25.14],[90.5,25.18],[90.64,25.18],[90.66,25.18],[90.7,25.16],[90.78,25.18],[90.86,25.16],[90.92,25.16],[91.08,25.2],[91.26,25.2],[91.38,25.16],[91.42,25.16],[91.48,25.14],[91.56,25.14],[91.58,25.18],[91.64,25.12],[91.84,25.18],[91.92,25.18],[91.98,25.18],[92.06,25.2],[92.14,25.16],[92.14,25.14],[92.22,25.1],[92.34,25.06],[92.42,25.04]]]},"properties":{"ID_0":105,"ISO":"IND","NAME_0":"India","ID_1":23,"NAME_1":"Meghalaya"}},
{"type":"Feature","geometry":{"type":"Polygon","coordinates":[[[93,24.4],[92.94,24.4],[92.92,24.42],[92.84,24.38],[92.8,24.42],[92.76,24.52],[92.7,24.36],[92.62,24.34],[92.62,24.26],[92.56,24.24],[92.52,24.18],[92.5,24.16],[92.52,24.16],[92.5,24.16],[92.48,24.16],[92.48,24.14],[92.46,24.14],[92.44,24.16],[92.44,24.18],[92.42,24.2],[92.42,24.26],[92.32,24.26],[92.3,24.26],[92.3,24.24],[92.3,24.22],[92.32,24.22],[92.32,24.2],[92.32,24.18],[92.34,24.16],[92.34,24.14],[92.32,24.14],[92.32,24.12],[92.34,24.12],[92.32,24.12],[92.34,24.1],[92.32,24.1],[92.32,24.06],[92.32,24.04],[92.32,24.02],[92.32,23.98],[92.32,23.96],[92.32,23.94],[92.32,23.92],[92.34,23.92],[92.32,23.9],[92.32,23.88],[92.32,23.86],[92.3,23.86],[92.3,23.88],[92.28,23.86],[92.28,23.84],[92.28,23.82],[92.26,23.82],[92.26,23.8],[92.26,23.76],[92.26,23.74],[92.26,23.72],[92.3,23.7],[92.28,23.64],[92.3,23.62],[92.34,23.44],[92.38,23.36],[92.38,23.32],[92.4,23.24],[92.36,23.24],[92.38,23.16],[92.36,23.12],[92.4,23.06],[92.38,22.94],[92.46,22.88],[92.46,22.82],[92.52,22.7],[92.54,22.66],[92.54,22.56],[92.56,22.4],[92.58,22.32],[92.6,22.18],[92.62,22.14],[92.58,22.14],[92.6,22.06],[92.62,21.98],[92.64,21.98],[92.68,22.04],[92.7,22.16],[92.74,22.14],[92.78,22.12],[92.82,22.1],[92.9,22.02],[92.94,22.02],[93,22.06],[93.02,22.1],[93.04,22.14],[93.04,22.2],[93.08,22.22],[93.16,22.18],[93.14,22.24],[93.2,22.24],[93.2,22.28],[93.2,22.42],[93.14,22.48],[93.12,22.56],[93.14,22.58],[93.12,22.64],[93.1,22.7],[93.12,22.74],[93.1,22.82],[93.12,22.86],[93.16,22.92],[93.12,23],[93.14,23.04],[93.2,23.06],[93.26,23],[93.3,23],[93.36,23.08],[93.4,23.22],[93.38,23.26],[93.38,23.34],[93.36,23.36],[93.42,23.38],[93.4,23.42],[93.4,23.5],[93.42,23.54],[93.42,23.66],[93.44,23.68],[93.42,23.72],[93.4,23.82],[93.4,23.94],[93.36,23.94],[93.34,23.98],[93.34,24.06],[93.28,24.06],[93.22,24.08],[93.22,24.06],[93.12,24.06],[93.08,24.1],[93.06,24.1],[92.98,24.12],[93.02,24.22],[93,24.28],[93.04,24.32],[93.02,24.4],[93,24.4]]]},"properties":{"ID_0":105,"ISO":"IND","NAME_0":"India","ID_1":24,"NAME_1":"Mizoram"}},
{"type":"Feature","geometry":{"type":"Polygon","coordinates":[[[95.24,26.68],[95.22,26.74],[95.24,26.78],[95.22,26.8],[95.18,26.86],[95.22,26.88],[95.2,26.98],[95.2,27.04],[95.08,26.96],[94.98,26.92],[94.96,26.94],[94.88,26.94],[94.82,26.86],[94.8,26.8],[94.78,26.8],[94.68,26.74],[94.62,26.72],[94.6,26.7],[94.54,26.72],[94.46,26.64],[94.4,26.62],[94.42,26.58],[94.4,26.52],[94.32,26.48],[94.3,26.48],[94.28,26.56],[94.18,26.46],[94.18,26.38],[94.16,26.36],[94.1,26.32],[94.04,26.2],[94.02,26.18],[93.98,26.08],[93.96,26],[93.96,25.98],[93.98,25.92],[93.92,25.88],[93.88,25.84],[93.86,25.86],[93.8,25.82],[93.78,25.84],[93.8,25.9],[93.78,25.96],[93.68,25.9],[93.7,25.86],[93.64,25.82],[93.62,25.78],[93.54,25.72],[93.54,25.7],[93.48,25.64],[93.42,25.62],[93.38,25.56],[93.34,25.54],[93.4,25.48],[93.4,25.46],[93.46,25.44],[93.48,25.38],[93.46,25.34],[93.48,25.3],[93.5,25.26],[93.56,25.24],[93.6,25.2],[93.68,25.34],[93.78,25.42],[93.82,25.48],[93.76,25.52],[93.78,25.54],[93.84,25.56],[93.9,25.56],[93.96,25.56],[94.02,25.58],[94.06,25.56],[94.1,25.54],[94.14,25.52],[94.2,25.54],[94.22,25.5],[94.3,25.5],[94.42,25.56],[94.42,25.58],[94.48,25.62],[94.54,25.66],[94.58,25.7],[94.6,25.68],[94.58,25.64],[94.56,25.58],[94.56,25.52],[94.62,25.46],[94.68,25.46],[94.82,25.5],[94.84,25.56],[94.92,25.62],[94.94,25.66],[95,25.74],[95.06,25.76],[95.04,25.82],[95.02,25.88],[95.02,25.92],[95.1,25.96],[95.16,26.04],[95.18,26.08],[95.12,26.1],[95.12,26.16],[95.12,26.2],[95.12,26.28],[95.14,26.3],[95.14,26.38],[95.06,26.46],[95.16,26.58],[95.16,26.62],[95.2,26.64],[95.24,26.68]]]},"properties":{"ID_0":105,"ISO":"IND","NAME_0":"India","ID_1":25,"NAME_1":"Nagaland"}},
{"type":"Feature","geometry":{"type":"MultiPolygon","coordinates":[[[[86.88,20.78],[86.84,20.76],[86.8,20.68],[86.78,20.66],[86.86,20.66],[86.9,20.7],[86.94,20.72],[87,20.72],[87,20.78],[86.88,20.78]]],[[[86.72,22.22],[86.64,22.24],[86.64,22.26],[86.58,22.3],[86.52,22.3],[86.5,22.34],[86.42,22.3],[86.36,22.34],[86.28,22.42],[86.22,22.44],[86.2,22.48],[86.1,22.5],[86.06,22.54],[86.02,22.54],[85.96,22.5],[85.96,22.46],[86.02,22.38],[86,22.34],[86.02,22.3],[85.96,22.24],[86.02,22.18],[86,22.14],[86,22.12],[85.94,22.02],[85.9,21.98],[85.78,21.98],[85.76,22],[85.78,22.04],[85.8,22.12],[85.72,22.06],[85.68,22.04],[85.64,22.1],[85.6,22.08],[85.48,22.12],[85.42,22.16],[85.36,22.16],[85.28,22.08],[85.24,22.02],[85.22,22.04],[85.1,22.1],[85.02,22.12],[85.02,22.16],[85.06,22.24],[85.08,22.28],[85.1,22.3],[85.08,22.34],[85.08,22.38],[85.06,22.48],[84.88,22.42],[84.8,22.44],[84.76,22.44],[84.74,22.42],[84.66,22.42],[84.64,22.42],[84.5,22.42],[84.42,22.36],[84.28,22.34],[84.24,22.38],[84.2,22.38],[84.14,22.42],[84.14,22.46],[84.1,22.48],[84.06,22.52],[84,22.52],[83.98,22.5],[84.04,22.46],[84.04,22.44],[84,22.36],[83.92,22.36],[83.86,22.34],[83.74,22.24],[83.7,22.24],[83.64,22.22],[83.6,22.16],[83.56,22.1],[83.6,22.06],[83.54,22.06],[83.54,22],[83.54,21.96],[83.6,21.92],[83.58,21.88],[83.58,21.82],[83.54,21.84],[83.5,21.8],[83.48,21.74],[83.44,21.64],[83.38,21.62],[83.36,21.58],[83.34,21.48],[83.36,21.44],[83.4,21.4],[83.38,21.34],[83.28,21.38],[83.24,21.28],[83.2,21.14],[83.12,21.1],[83.04,21.12],[82.98,21.16],[82.84,21.16],[82.78,21.14],[82.76,21.16],[82.64,21.14],[82.64,21.1],[82.6,21.06],[82.62,21.04],[82.56,20.94],[82.48,20.9],[82.48,20.84],[82.42,20.82],[82.4,20.86],[82.36,20.86],[82.34,20.84],[82.34,20.7],[82.36,20.62],[82.32,20.56],[82.38,20.5],[82.38,20.46],[82.42,20.42],[82.4,20.4],[82.4,20.34],[82.42,20.3],[82.4,20.26],[82.42,20.2],[82.38,20.14],[82.4,20.04],[82.54,20.02],[82.58,19.98],[82.66,20],[82.72,19.98],[82.7,19.9],[82.72,19.84],[82.7,19.82],[82.64,19.82],[82.62,19.78],[82.58,19.78],[82.58,19.82],[82.6,19.86],[82.48,19.9],[82.44,19.9],[82.38,19.88],[82.34,19.82],[82.3,19.88],[82.26,19.98],[82.24,20],[82.18,19.98],[82.12,20.02],[82.06,20.04],[82.02,20.02],[81.98,20.08],[81.94,20.1],[81.88,20.04],[81.86,20.02],[81.84,19.96],[81.86,19.9],[81.96,19.86],[81.98,19.8],[82.06,19.8],[82.06,19.76],[82.04,19.7],[82.06,19.62],[82.04,19.58],[82.04,19.54],[82.02,19.5],[82.1,19.5],[82.1,19.46],[82.12,19.42],[82.18,19.42],[82.16,19.36],[82.18,19.34],[82.16,19.26],[82.16,19.2],[82.18,19.16],[82.16,19.14],[82.2,19.08],[82.2,19.06],[82.22,19.02],[82.24,18.92],[82.18,18.9],[82.16,18.84],[82.14,18.78],[82.1,18.76],[82.08,18.72],[82.04,18.72],[81.96,18.68],[81.94,18.56],[81.9,18.56],[81.9,18.52],[81.76,18.42],[81.74,18.34],[81.66,18.34],[81.66,18.32],[81.6,18.3],[81.52,18.26],[81.5,18.18],[81.52,18.16],[81.5,18.1],[81.48,18.02],[81.48,17.98],[81.44,17.92],[81.44,17.88],[81.4,17.88],[81.38,17.8],[81.48,17.82],[81.48,17.8],[81.58,17.82],[81.62,17.82],[81.66,17.88],[81.7,17.86],[81.76,17.9],[81.8,17.94],[81.94,17.98],[82,18.02],[82.02,18.06],[82.16,18.04],[82.24,17.98],[82.26,17.98],[82.26,18.04],[82.34,18.04],[82.34,18.14],[82.3,18.2],[82.34,18.22],[82.34,18.26],[82.36,18.28],[82.4,18.3],[82.34,18.32],[82.38,18.38],[82.36,18.4],[82.42,18.48],[82.48,18.52],[82.52,18.5],[82.54,18.4],[82.6,18.36],[82.58,18.26],[82.64,18.22],[82.66,18.3],[82.7,18.3],[82.76,18.34],[82.78,18.36],[82.78,18.42],[82.8,18.44],[82.9,18.4],[82.9,18.36],[82.98,18.36],[83,18.38],[83.04,18.38],[83.06,18.4],[83.02,18.44],[83.06,18.48],[83.08,18.54],[83.06,18.54],[83,18.58],[83.02,18.64],[83.06,18.66],[83.08,18.7],[83.14,18.78],[83.18,18.74],[83.26,18.76],[83.28,18.78],[83.36,18.8],[83.4,18.84],[83.38,18.88],[83.34,18.92],[83.36,18.96],[83.32,18.96],[83.34,19],[83.4,19],[83.44,18.94],[83.48,19],[83.46,19.06],[83.5,19.06],[83.52,19.02],[83.6,19.1],[83.62,19.14],[83.68,19.04],[83.7,18.98],[83.72,18.98],[83.78,19],[83.84,18.9],[83.84,18.86],[83.88,18.82],[84.04,18.78],[84.1,18.74],[84.16,18.78],[84.22,18.78],[84.24,18.78],[84.28,18.8],[84.34,18.8],[84.38,18.88],[84.42,18.92],[84.42,18.94],[84.44,18.98],[84.42,18.98],[84.42,19],[84.42,19.02],[84.42,19],[84.44,19],[84.48,18.98],[84.48,19],[84.48,19.02],[84.5,19.02],[84.5,19.04],[84.54,19.04],[84.56,19.06],[84.58,19.06],[84.58,19.04],[84.58,19.02],[84.6,19.04],[84.62,19.04],[84.62,19.06],[84.64,19.04],[84.64,19.06],[84.66,19.06],[84.64,19.08],[84.62,19.08],[84.62,19.1],[84.6,19.1],[84.6,19.12],[84.62,19.12],[84.64,19.12],[84.66,19.12],[84.66,19.14],[84.66,19.16],[84.68,19.14],[84.7,19.16],[84.7,19.12],[84.7,19.1],[84.72,19.1],[84.72,19.14],[84.78,19.1],[84.84,19.2],[84.98,19.32],[85.06,19.36],[85.14,19.44],[85.3,19.56],[85.42,19.62],[85.5,19.66],[85.68,19.74],[85.84,19.8],[85.96,19.82],[86.04,19.84],[86.22,19.9],[86.3,19.94],[86.36,19.96],[86.3,20.02],[86.24,20.02],[86.26,20.06],[86.32,20.02],[86.34,19.98],[86.38,19.98],[86.42,20],[86.42,20.04],[86.48,20.1],[86.48,20.16],[86.54,20.2],[86.68,20.26],[86.76,20.34],[86.78,20.38],[86.74,20.4],[86.74,20.46],[86.78,20.54],[86.88,20.6],[87.02,20.7],[86.94,20.72],[86.9,20.7],[86.84,20.66],[86.76,20.64],[86.82,20.72],[86.82,20.76],[86.88,20.8],[86.96,20.78],[86.98,20.82],[86.96,20.86],[86.92,20.96],[86.88,21.02],[86.86,21.06],[86.82,21.14],[86.82,21.2],[86.9,21.32],[87,21.42],[87.06,21.46],[87.12,21.5],[87.2,21.54],[87.3,21.56],[87.38,21.54],[87.48,21.6],[87.48,21.62],[87.46,21.64],[87.46,21.66],[87.46,21.68],[87.46,21.7],[87.46,21.72],[87.44,21.74],[87.46,21.74],[87.44,21.74],[87.44,21.76],[87.42,21.76],[87.4,21.76],[87.38,21.78],[87.38,21.76],[87.36,21.78],[87.34,21.78],[87.32,21.78],[87.32,21.8],[87.3,21.8],[87.28,21.8],[87.26,21.82],[87.26,21.84],[87.24,21.86],[87.26,21.92],[87.24,21.94],[87.24,21.96],[87.22,21.96],[87.2,21.96],[87.18,21.96],[87.16,21.98],[87.16,21.94],[87.16,21.92],[87.12,21.92],[87.1,21.92],[87.1,21.9],[87.08,21.9],[87.1,21.88],[87.08,21.86],[87.04,21.86],[87,21.9],[87.04,21.98],[87.02,22.04],[86.96,22.08],[86.84,22.1],[86.8,22.12],[86.8,22.16],[86.72,22.14],[86.72,22.22]]]]},"properties":{"ID_0":105,"ISO":"IND","NAME_0":"India","ID_1":26,"NAME_1":"Orissa"}},
{"type":"Feature","geometry":{"type":"MultiPolygon","coordinates":[[[[79.76,10.98],[79.74,10.98],[79.74,10.96],[79.74,10.94],[79.72,10.96],[79.7,10.94],[79.72,10.94],[79.7,10.92],[79.72,10.92],[79.7,10.92],[79.72,10.92],[79.72,10.9],[79.74,10.9],[79.76,10.88],[79.78,10.88],[79.78,10.86],[79.8,10.86],[79.8,10.84],[79.82,10.82],[79.84,10.82],[79.86,10.82],[79.86,10.98],[79.84,10.98],[79.82,10.98],[79.8,10.98],[79.78,10.98],[79.76,10.98]]],[[[79.7,11.98],[79.66,12],[79.64,12],[79.7,11.98],[79.68,11.92],[79.8,11.8],[79.84,11.94],[79.82,11.94],[79.8,11.96],[79.8,11.94],[79.78,11.94],[79.76,11.94],[79.74,11.92],[79.74,11.9],[79.74,11.94],[79.72,11.96],[79.74,11.98],[79.76,11.98],[79.72,11.98],[79.7,11.98]]],[[[75.38,12.14],[75.36,12.14],[75.34,12.14],[75.32,12.14],[75.3,12.14],[75.28,12.12],[75.28,12.1],[75.26,12.1],[75.24,12.1],[75.24,12.12],[75.22,12.06],[75.22,12.04],[75.24,12.02],[75.3,12.02],[75.32,12.04],[75.3,12.06],[75.32,12.08],[75.3,12.1],[75.32,12.1],[75.34,12.1],[75.36,12.1],[75.36,12.12],[75.38,12.12],[75.4,12.12],[75.4,12.14],[75.38,12.14]]]]},"properties":{"ID_0":105,"ISO":"IND","NAME_0":"India","ID_1":27,"NAME_1":"Puducherry"}},
{"type":"Feature","geometry":{"type":"Polygon","coordinates":[[[76.76,30.9],[76.72,30.96],[76.66,30.96],[76.62,31],[76.6,31.06],[76.62,31.12],[76.58,31.12],[76.6,31.18],[76.64,31.22],[76.58,31.28],[76.54,31.26],[76.46,31.32],[76.42,31.32],[76.36,31.42],[76.32,31.4],[76.34,31.34],[76.3,31.32],[76.2,31.3],[76.14,31.38],[76.16,31.4],[76.12,31.44],[76.08,31.54],[76,31.64],[75.94,31.78],[75.92,31.82],[75.94,31.84],[75.9,31.94],[75.84,31.98],[75.8,31.98],[75.74,32.04],[75.62,32.1],[75.66,32.14],[75.62,32.18],[75.62,32.24],[75.68,32.26],[75.74,32.28],[75.84,32.38],[75.92,32.42],[75.92,32.44],[75.86,32.5],[75.88,32.58],[75.8,32.48],[75.74,32.48],[75.72,32.42],[75.64,32.38],[75.6,32.38],[75.52,32.34],[75.52,32.3],[75.46,32.32],[75.34,32.34],[75.32,32.34],[75.36,32.24],[75.32,32.2],[75.3,32.16],[75.24,32.08],[75.12,32.08],[75.06,32.04],[75,32.02],[74.92,32.06],[74.82,32],[74.8,31.96],[74.66,31.9],[74.56,31.82],[74.52,31.72],[74.58,31.62],[74.6,31.56],[74.58,31.52],[74.64,31.46],[74.6,31.4],[74.56,31.3],[74.52,31.28],[74.52,31.24],[74.5,31.18],[74.5,31.14],[74.58,31.1],[74.6,31.12],[74.68,31.12],[74.7,31.1],[74.66,31.06],[74.6,31.04],[74.56,31.06],[74.54,31],[74.5,30.96],[74.48,30.96],[74.42,30.92],[74.36,30.88],[74.38,30.86],[74.32,30.84],[74.26,30.78],[74.28,30.74],[74.24,30.72],[74.2,30.68],[74.1,30.6],[74.1,30.58],[73.98,30.5],[73.92,30.42],[73.88,30.38],[73.96,30.26],[73.96,30.2],[73.96,30.12],[73.9,30.06],[73.88,30],[73.9,29.98],[74.06,29.96],[74.26,29.96],[74.52,29.94],[74.58,29.92],[74.64,29.92],[74.68,29.94],[74.78,29.98],[74.8,30],[74.84,29.96],[74.92,29.94],[74.94,29.9],[74.98,29.86],[75.06,29.88],[75.1,29.8],[75.18,29.84],[75.24,29.76],[75.2,29.74],[75.18,29.68],[75.16,29.66],[75.18,29.64],[75.22,29.6],[75.24,29.56],[75.3,29.56],[75.28,29.6],[75.32,29.68],[75.4,29.76],[75.44,29.78],[75.56,29.76],[75.56,29.74],[75.66,29.78],[75.7,29.8],[75.78,29.82],[75.82,29.82],[75.86,29.76],[75.94,29.74],[76,29.76],[76.04,29.74],[76.08,29.78],[76.16,29.82],[76.22,29.86],[76.22,29.88],[76.18,29.9],[76.2,29.94],[76.18,30],[76.26,30.12],[76.32,30.1],[76.42,30.14],[76.46,30.1],[76.5,30.08],[76.56,30.1],[76.58,30.08],[76.62,30.1],[76.62,30.18],[76.64,30.2],[76.6,30.26],[76.68,30.32],[76.74,30.36],[76.7,30.4],[76.74,30.42],[76.8,30.42],[76.84,30.44],[76.9,30.36],[76.92,30.38],[76.88,30.44],[76.9,30.48],[76.92,30.52],[76.88,30.54],[76.92,30.6],[76.86,30.64],[76.86,30.68],[76.82,30.68],[76.8,30.68],[76.8,30.66],[76.74,30.68],[76.74,30.7],[76.72,30.7],[76.72,30.72],[76.7,30.74],[76.7,30.76],[76.72,30.76],[76.72,30.78],[76.74,30.78],[76.74,30.8],[76.76,30.8],[76.78,30.78],[76.8,30.78],[76.8,30.76],[76.82,30.76],[76.84,30.8],[76.82,30.84],[76.76,30.88],[76.76,30.9]]]},"properties":{"ID_0":105,"ISO":"IND","NAME_0":"India","ID_1":28,"NAME_1":"Punjab"}},
{"type":"Feature","geometry":{"type":"Polygon","coordinates":[[[74.52,29.94],[74.26,29.96],[74.06,29.96],[73.9,29.98],[73.88,30],[73.9,30.06],[73.96,30.12],[73.96,30.2],[73.84,30.1],[73.8,30.06],[73.62,30.02],[73.42,29.94],[73.38,29.92],[73.34,29.76],[73.28,29.56],[73.2,29.42],[73.08,29.24],[73,29.14],[72.94,29.02],[72.74,28.94],[72.66,28.9],[72.52,28.82],[72.38,28.76],[72.3,28.66],[72.2,28.4],[72.18,28.36],[72.12,28.3],[72,28.2],[71.94,28.12],[71.9,27.96],[71.66,27.86],[71.4,27.86],[71.28,27.84],[71.2,27.82],[71.04,27.76],[70.9,27.7],[70.82,27.7],[70.76,27.72],[70.68,27.84],[70.68,27.92],[70.56,28.02],[70.48,28.04],[70.36,28],[70.3,27.94],[70.2,27.88],[70.16,27.84],[70.1,27.76],[70.02,27.56],[69.94,27.5],[69.86,27.4],[69.82,27.36],[69.66,27.26],[69.58,27.18],[69.52,27.02],[69.5,26.9],[69.48,26.8],[69.52,26.74],[69.72,26.66],[69.78,26.62],[69.86,26.58],[69.92,26.58],[70.02,26.6],[70.1,26.58],[70.16,26.56],[70.18,26.48],[70.18,26.44],[70.18,26.34],[70.16,26.3],[70.18,26.24],[70.14,26.16],[70.1,26.1],[70.08,26.06],[70.1,25.96],[70.1,25.92],[70.18,25.82],[70.24,25.76],[70.28,25.7],[70.4,25.66],[70.54,25.68],[70.6,25.7],[70.66,25.7],[70.68,25.66],[70.68,25.52],[70.68,25.38],[70.74,25.32],[70.76,25.28],[70.9,25.14],[70.92,25],[70.94,24.94],[71.04,24.8],[71.08,24.72],[71.1,24.68],[71.18,24.64],[71.2,24.64],[71.24,24.62],[71.26,24.62],[71.3,24.6],[71.36,24.66],[71.38,24.62],[71.48,24.68],[71.54,24.68],[71.62,24.68],[71.66,24.64],[71.78,24.66],[71.82,24.66],[71.82,24.62],[71.86,24.62],[71.88,24.68],[71.92,24.66],[71.94,24.62],[72,24.66],[72,24.68],[72.06,24.7],[72.08,24.7],[72.08,24.66],[72.16,24.64],[72.18,24.6],[72.22,24.64],[72.28,24.62],[72.26,24.58],[72.3,24.54],[72.36,24.56],[72.38,24.5],[72.44,24.5],[72.44,24.46],[72.46,24.4],[72.52,24.42],[72.5,24.46],[72.54,24.5],[72.58,24.48],[72.66,24.46],[72.7,24.46],[72.7,24.42],[72.74,24.36],[72.82,24.36],[72.86,24.36],[72.92,24.32],[72.98,24.36],[72.96,24.4],[73,24.42],[72.98,24.46],[73.06,24.46],[73.1,24.5],[73.1,24.42],[73.08,24.4],[73.18,24.36],[73.18,24.3],[73.12,24.26],[73.08,24.18],[73.12,24.14],[73.18,24.12],[73.22,24.1],[73.2,24.04],[73.26,24.02],[73.32,24.06],[73.34,24.12],[73.42,24.06],[73.42,23.92],[73.38,23.9],[73.36,23.86],[73.4,23.78],[73.46,23.76],[73.48,23.7],[73.52,23.7],[73.5,23.64],[73.52,23.62],[73.58,23.66],[73.62,23.66],[73.66,23.62],[73.64,23.54],[73.64,23.46],[73.7,23.46],[73.72,23.42],[73.76,23.46],[73.78,23.44],[73.82,23.44],[73.86,23.4],[73.9,23.34],[73.94,23.34],[73.96,23.38],[74,23.34],[74.04,23.34],[74.04,23.3],[74.1,23.3],[74.14,23.26],[74.12,23.18],[74.18,23.16],[74.2,23.2],[74.24,23.18],[74.28,23.12],[74.28,23.1],[74.32,23.06],[74.4,23.12],[74.46,23.08],[74.54,23.1],[74.54,23.14],[74.6,23.14],[74.66,23.2],[74.72,23.2],[74.74,23.22],[74.7,23.28],[74.64,23.26],[74.62,23.28],[74.54,23.28],[74.54,23.32],[74.54,23.36],[74.58,23.38],[74.58,23.42],[74.62,23.46],[74.74,23.52],[74.78,23.54],[74.8,23.54],[74.86,23.56],[74.88,23.6],[74.94,23.64],[74.92,23.66],[74.94,23.74],[74.9,23.86],[74.92,23.92],[74.96,23.98],[75,24.02],[74.96,24.12],[74.9,24.18],[74.88,24.22],[74.9,24.24],[74.88,24.28],[74.78,24.28],[74.78,24.36],[74.86,24.46],[74.82,24.5],[74.76,24.48],[74.74,24.6],[74.82,24.68],[74.78,24.68],[74.82,24.76],[74.88,24.66],[74.94,24.66],[74.96,24.7],[75,24.7],[75,24.76],[75.02,24.8],[74.9,24.8],[74.86,24.82],[74.86,24.86],[74.82,24.9],[74.84,24.96],[74.86,24.94],[74.9,24.94],[74.92,24.9],[74.94,24.88],[75.02,24.88],[75.04,24.86],[75.08,24.88],[75.12,24.88],[75.12,24.96],[75.16,25],[75.16,25.02],[75.32,25.04],[75.34,24.96],[75.32,24.9],[75.28,24.92],[75.26,24.88],[75.32,24.86],[75.32,24.88],[75.42,24.86],[75.3,24.82],[75.28,24.86],[75.24,24.86],[75.2,24.78],[75.22,24.74],[75.46,24.7],[75.54,24.72],[75.58,24.72],[75.62,24.68],[75.66,24.7],[75.68,24.72],[75.74,24.76],[75.78,24.76],[75.84,24.72],[75.86,24.62],[75.92,24.58],[75.92,24.54],[75.9,24.5],[75.9,24.44],[75.82,24.42],[75.78,24.46],[75.74,24.4],[75.74,24.34],[75.76,24.32],[75.82,24.3],[75.8,24.22],[75.78,24.22],[75.74,24.14],[75.78,24.1],[75.84,24.1],[75.82,24.08],[75.78,24.06],[75.76,24],[75.7,23.96],[75.66,24.04],[75.64,24],[75.58,24.02],[75.52,24.04],[75.46,23.98],[75.46,23.92],[75.56,23.86],[75.58,23.8],[75.64,23.8],[75.72,23.82],[75.72,23.9],[75.78,23.86],[75.86,23.9],[75.88,23.88],[75.98,23.94],[75.98,23.98],[75.96,24.02],[76.02,24.06],[76.04,24.08],[76.14,24.1],[76.12,24.2],[76.16,24.24],[76.14,24.28],[76.2,24.28],[76.2,24.24],[76.28,24.22],[76.32,24.26],[76.36,24.24],[76.42,24.2],[76.46,24.22],[76.5,24.2],[76.52,24.16],[76.58,24.18],[76.58,24.22],[76.62,24.26],[76.68,24.28],[76.7,24.24],[76.68,24.2],[76.72,24.16],[76.76,24.16],[76.8,24.12],[76.86,24.14],[76.9,24.14],[76.92,24.18],[76.94,24.2],[76.88,24.28],[76.84,24.36],[76.86,24.46],[76.82,24.54],[76.84,24.56],[76.92,24.54],[76.92,24.48],[76.96,24.46],[77,24.48],[77.06,24.52],[77.06,24.56],[77.06,24.64],[77.02,24.72],[76.92,24.74],[76.84,24.76],[76.8,24.82],[76.84,24.84],[76.9,24.84],[76.94,24.88],[76.92,24.92],[76.88,24.96],[76.86,25.02],[76.9,25.04],[76.96,25.06],[76.98,25.08],[77.08,25.06],[77.16,25.08],[77.16,25.12],[77.26,25.12],[77.3,25.08],[77.38,25.12],[77.4,25.18],[77.4,25.22],[77.34,25.28],[77.38,25.3],[77.34,25.38],[77.36,25.42],[77.3,25.44],[77.22,25.38],[77.22,25.34],[77.16,25.32],[77.08,25.34],[77.02,25.3],[76.96,25.3],[76.84,25.34],[76.78,25.32],[76.74,25.34],[76.68,25.34],[76.6,25.38],[76.58,25.44],[76.52,25.52],[76.5,25.58],[76.52,25.68],[76.48,25.72],[76.52,25.74],[76.52,25.8],[76.6,25.88],[76.64,25.9],[76.74,25.9],[76.8,25.94],[76.88,26.06],[76.88,26.1],[76.94,26.1],[77,26.14],[77.02,26.18],[77.1,26.2],[77.12,26.24],[77.2,26.24],[77.26,26.28],[77.3,26.32],[77.32,26.34],[77.36,26.38],[77.44,26.36],[77.42,26.4],[77.52,26.42],[77.56,26.44],[77.6,26.46],[77.68,26.5],[77.72,26.52],[77.74,26.54],[77.82,26.56],[77.82,26.6],[77.88,26.62],[77.9,26.66],[77.94,26.66],[78,26.7],[78.08,26.68],[78.1,26.78],[78.18,26.8],[78.2,26.84],[78.2,26.88],[78.24,26.9],[78.24,26.94],[78.14,26.96],[78.08,26.9],[78.04,26.92],[77.9,26.92],[77.88,26.9],[77.76,26.94],[77.72,26.92],[77.72,26.88],[77.68,26.88],[77.6,26.84],[77.52,26.82],[77.46,26.76],[77.42,26.78],[77.44,26.82],[77.42,26.84],[77.48,26.9],[77.58,26.94],[77.64,26.96],[77.7,26.98],[77.66,27.02],[77.6,27.02],[77.56,27.04],[77.56,27.08],[77.54,27.12],[77.6,27.12],[77.62,27.18],[77.66,27.18],[77.64,27.24],[77.6,27.28],[77.62,27.34],[77.58,27.32],[77.5,27.38],[77.44,27.4],[77.42,27.42],[77.42,27.46],[77.4,27.48],[77.38,27.52],[77.34,27.52],[77.32,27.6],[77.34,27.66],[77.34,27.7],[77.32,27.74],[77.3,27.78],[77.28,27.8],[77.24,27.78],[77.14,27.82],[77.1,27.78],[77.04,27.82],[77.02,27.78],[77.04,27.74],[77,27.74],[76.98,27.66],[76.88,27.72],[76.9,27.84],[76.92,27.84],[76.92,28],[76.94,28.08],[76.96,28.14],[76.84,28.22],[76.8,28.2],[76.8,28.16],[76.74,28.12],[76.7,28.14],[76.68,28.1],[76.64,28.1],[76.66,28.02],[76.6,28],[76.54,27.98],[76.54,28.04],[76.46,28.04],[76.5,28.1],[76.48,28.14],[76.36,28.14],[76.3,28.18],[76.28,28.16],[76.36,28.12],[76.34,28.1],[76.36,28.06],[76.34,28.02],[76.26,28.08],[76.18,28.06],[76.16,28],[76.18,27.98],[76.16,27.9],[76.2,27.84],[76.18,27.8],[76.08,27.86],[76.04,27.84],[75.98,27.86],[75.98,27.9],[75.96,27.98],[75.98,28.08],[75.94,28.1],[76.02,28.18],[76.08,28.18],[76.06,28.22],[76.02,28.24],[76.02,28.28],[75.98,28.3],[75.92,28.36],[75.8,28.42],[75.78,28.46],[75.74,28.48],[75.7,28.5],[75.66,28.54],[75.62,28.54],[75.6,28.6],[75.56,28.62],[75.54,28.64],[75.54,28.74],[75.5,28.78],[75.52,28.84],[75.48,28.86],[75.5,28.94],[75.52,28.98],[75.52,29.02],[75.44,29.02],[75.44,29.06],[75.38,29.08],[75.36,29.14],[75.4,29.18],[75.38,29.26],[75.32,29.24],[75.28,29.26],[75.14,29.24],[75.08,29.24],[75.02,29.3],[75,29.28],[74.96,29.28],[74.92,29.36],[74.84,29.4],[74.8,29.4],[74.78,29.36],[74.66,29.38],[74.64,29.34],[74.6,29.36],[74.58,29.4],[74.54,29.42],[74.54,29.46],[74.58,29.46],[74.62,29.54],[74.58,29.56],[74.58,29.66],[74.6,29.76],[74.48,29.74],[74.46,29.78],[74.5,29.82],[74.56,29.86],[74.52,29.94]]]},"properties":{"ID_0":105,"ISO":"IND","NAME_0":"India","ID_1":29,"NAME_1":"Rajasthan"}},
{"type":"Feature","geometry":{"type":"Polygon","coordinates":[[[88.76,27.14],[88.78,27.18],[88.8,27.24],[88.9,27.28],[88.92,27.32],[88.88,27.34],[88.86,27.38],[88.8,27.4],[88.78,27.46],[88.78,27.52],[88.76,27.56],[88.8,27.6],[88.8,27.64],[88.84,27.66],[88.86,27.74],[88.86,27.82],[88.88,27.84],[88.88,27.9],[88.84,27.94],[88.84,28],[88.76,28.08],[88.66,28.08],[88.64,28.1],[88.58,28.08],[88.54,28.04],[88.48,28.04],[88.38,27.98],[88.34,27.98],[88.24,27.94],[88.2,27.96],[88.18,27.94],[88.14,27.96],[88.12,27.92],[88.2,27.84],[88.2,27.8],[88.16,27.74],[88.14,27.66],[88.12,27.64],[88.06,27.54],[88.04,27.48],[88.08,27.44],[88.06,27.42],[88.04,27.38],[88.06,27.34],[88.04,27.28],[88.02,27.22],[88.06,27.22],[88.08,27.14],[88.16,27.12],[88.18,27.14],[88.24,27.12],[88.28,27.14],[88.3,27.12],[88.32,27.12],[88.34,27.1],[88.36,27.1],[88.38,27.1],[88.42,27.1],[88.44,27.08],[88.52,27.16],[88.52,27.18],[88.6,27.2],[88.66,27.16],[88.68,27.18],[88.72,27.14],[88.76,27.14]]]},"properties":{"ID_0":105,"ISO":"IND","NAME_0":"India","ID_1":30,"NAME_1":"Sikkim"}},
{"type":"Feature","geometry":{"type":"MultiPolygon","coordinates":[[[[79.32,9.32],[79.22,9.26],[79.28,9.26],[79.32,9.26],[79.32,9.32]]],[[[80.08,13.52],[80.06,13.54],[80.04,13.52],[79.98,13.52],[80,13.48],[79.96,13.46],[79.96,13.38],[79.92,13.34],[79.86,13.3],[79.8,13.3],[79.78,13.28],[79.72,13.26],[79.78,13.22],[79.74,13.2],[79.68,13.24],[79.66,13.28],[79.6,13.26],[79.56,13.24],[79.54,13.32],[79.42,13.32],[79.4,13.24],[79.42,13.18],[79.38,13.18],[79.34,13.16],[79.36,13.12],[79.3,13.12],[79.28,13.14],[79.22,13.14],[79.2,13.08],[79.16,13],[79.06,13.04],[78.98,13.08],[78.94,13.06],[78.8,13.08],[78.74,13.04],[78.7,13.06],[78.7,13],[78.66,13.02],[78.62,12.98],[78.62,12.92],[78.6,12.84],[78.58,12.76],[78.54,12.72],[78.56,12.7],[78.46,12.66],[78.46,12.62],[78.36,12.62],[78.3,12.66],[78.26,12.7],[78.22,12.68],[78.22,12.76],[78.12,12.78],[78.06,12.84],[78.02,12.84],[77.98,12.82],[77.92,12.86],[77.82,12.86],[77.76,12.72],[77.76,12.68],[77.66,12.66],[77.66,12.68],[77.6,12.66],[77.6,12.62],[77.58,12.56],[77.58,12.5],[77.62,12.48],[77.6,12.36],[77.56,12.3],[77.52,12.26],[77.48,12.26],[77.46,12.2],[77.52,12.18],[77.6,12.2],[77.72,12.16],[77.76,12.1],[77.74,12.06],[77.68,12],[77.66,11.96],[77.58,11.92],[77.5,11.92],[77.44,11.78],[77.42,11.76],[77.36,11.78],[77.32,11.76],[77.28,11.8],[77.24,11.8],[77.12,11.76],[77.08,11.72],[77.04,11.78],[77,11.8],[76.94,11.78],[76.9,11.78],[76.88,11.72],[76.86,11.7],[76.84,11.64],[76.86,11.6],[76.76,11.6],[76.6,11.6],[76.56,11.62],[76.54,11.68],[76.5,11.7],[76.46,11.66],[76.42,11.66],[76.42,11.62],[76.38,11.62],[76.38,11.6],[76.3,11.56],[76.28,11.6],[76.22,11.56],[76.24,11.52],[76.26,11.48],[76.32,11.44],[76.36,11.44],[76.44,11.38],[76.54,11.36],[76.54,11.32],[76.52,11.26],[76.44,11.24],[76.44,11.2],[76.58,11.2],[76.62,11.18],[76.7,11.24],[76.72,11.2],[76.68,11.16],[76.7,11.14],[76.74,11.1],[76.74,11.06],[76.7,11.02],[76.66,10.96],[76.66,10.92],[76.74,10.88],[76.78,10.88],[76.82,10.86],[76.86,10.8],[76.9,10.78],[76.88,10.7],[76.88,10.62],[76.8,10.62],[76.82,10.58],[76.82,10.44],[76.8,10.42],[76.84,10.36],[76.82,10.3],[76.86,10.28],[76.9,10.24],[76.98,10.22],[77.04,10.24],[77.04,10.28],[77.16,10.34],[77.22,10.34],[77.22,10.3],[77.26,10.26],[77.26,10.18],[77.26,10.12],[77.18,10.1],[77.24,10.02],[77.26,9.96],[77.22,9.92],[77.2,9.86],[77.22,9.84],[77.2,9.78],[77.2,9.72],[77.16,9.64],[77.18,9.6],[77.22,9.58],[77.26,9.56],[77.3,9.6],[77.4,9.5],[77.38,9.44],[77.36,9.44],[77.32,9.4],[77.32,9.36],[77.26,9.3],[77.26,9.2],[77.26,9.14],[77.2,9.08],[77.18,9.04],[77.14,9.02],[77.18,8.94],[77.2,8.9],[77.24,8.86],[77.24,8.84],[77.22,8.78],[77.18,8.74],[77.2,8.64],[77.22,8.62],[77.26,8.54],[77.24,8.5],[77.2,8.48],[77.18,8.44],[77.16,8.38],[77.14,8.32],[77.1,8.3],[77.24,8.18],[77.3,8.14],[77.3,8.12],[77.54,8.08],[77.56,8.12],[77.62,8.16],[77.72,8.16],[77.78,8.2],[77.82,8.24],[77.88,8.28],[77.98,8.34],[78.06,8.38],[78.06,8.42],[78.14,8.5],[78.12,8.52],[78.14,8.58],[78.1,8.62],[78.16,8.74],[78.16,8.88],[78.22,8.96],[78.32,9.04],[78.42,9.12],[78.46,9.12],[78.56,9.14],[78.58,9.14],[78.66,9.16],[78.66,9.2],[78.72,9.2],[78.76,9.22],[78.86,9.26],[78.9,9.24],[78.98,9.28],[79.1,9.26],[79.06,9.3],[78.98,9.36],[78.94,9.42],[78.9,9.46],[78.92,9.5],[78.94,9.6],[78.96,9.62],[78.98,9.68],[79.04,9.76],[79.06,9.78],[79.12,9.86],[79.16,9.94],[79.26,10.04],[79.22,10.1],[79.24,10.18],[79.26,10.22],[79.32,10.28],[79.4,10.32],[79.58,10.3],[79.62,10.32],[79.68,10.32],[79.76,10.3],[79.74,10.28],[79.84,10.28],[79.88,10.3],[79.86,10.42],[79.86,10.58],[79.86,10.82],[79.84,10.82],[79.82,10.82],[79.8,10.84],[79.8,10.86],[79.78,10.86],[79.78,10.88],[79.76,10.88],[79.74,10.9],[79.72,10.9],[79.72,10.92],[79.7,10.92],[79.72,10.92],[79.7,10.92],[79.72,10.94],[79.7,10.94],[79.72,10.96],[79.74,10.94],[79.74,10.96],[79.74,10.98],[79.76,10.98],[79.78,10.98],[79.8,10.98],[79.82,10.98],[79.84,10.98],[79.86,10.98],[79.86,11.14],[79.82,11.36],[79.8,11.44],[79.76,11.56],[79.76,11.62],[79.8,11.8],[79.68,11.92],[79.7,11.98],[79.64,12],[79.66,12],[79.7,11.98],[79.72,11.98],[79.76,11.98],[79.74,11.98],[79.72,11.96],[79.74,11.94],[79.74,11.9],[79.74,11.92],[79.76,11.94],[79.78,11.94],[79.8,11.94],[79.8,11.96],[79.82,11.94],[79.84,11.94],[79.88,12.06],[80.08,12.36],[80.12,12.4],[80.16,12.48],[80.16,12.52],[80.26,12.78],[80.24,12.8],[80.26,12.94],[80.28,13.06],[80.3,13.1],[80.3,13.14],[80.34,13.26],[80.34,13.32],[80.32,13.4],[80.32,13.42],[80.32,13.38],[80.28,13.38],[80.26,13.44],[80.22,13.48],[80.16,13.48],[80.14,13.48],[80.14,13.5],[80.12,13.5],[80.1,13.5],[80.08,13.52]]]]},"properties":{"ID_0":105,"ISO":"IND","NAME_0":"India","ID_1":31,"NAME_1":"Tamil Nadu"}},
{"type":"Feature","geometry":{"type":"Polygon","coordinates":[[[92.24,24.5],[92.16,24.52],[92.16,24.46],[92.12,24.38],[92.1,24.38],[91.98,24.38],[91.92,24.34],[91.94,24.26],[91.92,24.18],[91.88,24.18],[91.84,24.2],[91.74,24.24],[91.76,24.14],[91.72,24.16],[91.66,24.18],[91.64,24.16],[91.64,24.1],[91.6,24.08],[91.54,24.08],[91.5,24.1],[91.38,24.1],[91.4,24.06],[91.36,23.98],[91.3,24],[91.28,23.98],[91.24,23.9],[91.26,23.84],[91.24,23.76],[91.18,23.76],[91.16,23.7],[91.2,23.7],[91.16,23.62],[91.2,23.58],[91.2,23.52],[91.26,23.48],[91.28,23.42],[91.3,23.32],[91.32,23.26],[91.34,23.16],[91.38,23.06],[91.42,23.06],[91.4,23.16],[91.4,23.22],[91.42,23.26],[91.46,23.26],[91.5,23.18],[91.5,23.16],[91.56,23.04],[91.56,22.98],[91.62,22.96],[91.66,22.98],[91.76,23.02],[91.78,23.06],[91.84,23.1],[91.78,23.26],[91.8,23.34],[91.86,23.4],[91.94,23.46],[91.98,23.5],[91.96,23.52],[91.96,23.58],[91.94,23.68],[91.96,23.72],[92,23.68],[92.08,23.64],[92.16,23.74],[92.22,23.7],[92.24,23.7],[92.26,23.72],[92.26,23.74],[92.26,23.76],[92.26,23.8],[92.26,23.82],[92.28,23.82],[92.28,23.84],[92.28,23.86],[92.3,23.88],[92.3,23.86],[92.32,23.86],[92.32,23.88],[92.32,23.9],[92.34,23.92],[92.32,23.92],[92.32,23.94],[92.32,23.96],[92.32,23.98],[92.32,24.02],[92.32,24.04],[92.32,24.06],[92.32,24.1],[92.34,24.1],[92.32,24.12],[92.34,24.12],[92.32,24.12],[92.32,24.14],[92.34,24.14],[92.34,24.16],[92.32,24.18],[92.32,24.2],[92.32,24.22],[92.3,24.22],[92.3,24.24],[92.3,24.26],[92.22,24.24],[92.28,24.38],[92.26,24.44],[92.24,24.46],[92.24,24.5]]]},"properties":{"ID_0":105,"ISO":"IND","NAME_0":"India","ID_1":32,"NAME_1":"Tripura"}},
{"type":"Feature","geometry":{"type":"Polygon","coordinates":[[[79.76,28.88],[79.7,28.88],[79.66,28.84],[79.54,28.9],[79.5,28.86],[79.42,28.86],[79.4,28.88],[79.4,28.94],[79.28,28.96],[79.14,29.08],[79.14,29.12],[79.08,29.16],[79.02,29.14],[78.96,29.16],[78.9,29.16],[78.9,29.2],[78.86,29.24],[78.82,29.26],[78.72,29.32],[78.76,29.34],[78.78,29.34],[78.86,29.38],[78.9,29.42],[78.9,29.46],[78.76,29.48],[78.7,29.5],[78.58,29.58],[78.52,29.66],[78.48,29.74],[78.34,29.8],[78.3,29.76],[78.24,29.7],[78.2,29.72],[78.16,29.68],[78.04,29.6],[78.04,29.56],[77.98,29.56],[77.98,29.64],[77.94,29.68],[77.88,29.7],[77.84,29.68],[77.76,29.72],[77.76,29.78],[77.74,29.86],[77.7,29.86],[77.74,29.92],[77.74,30],[77.78,30.1],[77.82,30.1],[77.9,30.18],[77.92,30.24],[77.92,30.26],[77.82,30.3],[77.72,30.34],[77.64,30.42],[77.56,30.4],[77.58,30.38],[77.6,30.38],[77.58,30.32],[77.54,30.28],[77.48,30.18],[77.42,30.14],[77.42,30.12],[77.34,30.06],[77.28,30.04],[77.26,29.98],[77.18,29.9],[77.18,29.88],[77.16,29.8],[77.12,29.74],[77.14,29.72],[77.08,29.6],[77.1,29.56],[77.08,29.54],[77.12,29.48],[77.12,29.46],[77.16,29.32],[77.12,29.28],[77.14,29.18],[77.12,29.1],[77.16,29.04],[77.22,29],[77.2,28.96],[77.22,28.9],[77.18,28.86],[77.2,28.86],[77.22,28.84],[77.2,28.8],[77.2,28.78],[77.22,28.78],[77.24,28.76],[77.26,28.76],[77.26,28.74],[77.28,28.74],[77.28,28.72],[77.3,28.7],[77.3,28.72],[77.32,28.72],[77.32,28.68],[77.32,28.6],[77.3,28.6],[77.3,28.58],[77.3,28.56],[77.32,28.54],[77.34,28.52],[77.34,28.5],[77.44,28.44],[77.5,28.36],[77.46,28.34],[77.54,28.2],[77.5,28.16],[77.5,28.12],[77.48,28.1],[77.48,28.04],[77.54,28],[77.52,27.94],[77.46,27.94],[77.46,27.9],[77.42,27.86],[77.34,27.86],[77.28,27.8],[77.3,27.78],[77.32,27.74],[77.34,27.7],[77.34,27.66],[77.32,27.6],[77.34,27.52],[77.38,27.52],[77.4,27.48],[77.42,27.46],[77.42,27.42],[77.44,27.4],[77.5,27.38],[77.58,27.32],[77.62,27.34],[77.6,27.28],[77.64,27.24],[77.66,27.18],[77.62,27.18],[77.6,27.12],[77.54,27.12],[77.56,27.08],[77.56,27.04],[77.6,27.02],[77.66,27.02],[77.7,26.98],[77.64,26.96],[77.58,26.94],[77.48,26.9],[77.42,26.84],[77.44,26.82],[77.42,26.78],[77.46,26.76],[77.52,26.82],[77.6,26.84],[77.68,26.88],[77.72,26.88],[77.72,26.92],[77.76,26.94],[77.88,26.9],[77.9,26.92],[78.04,26.92],[78.08,26.9],[78.14,26.96],[78.24,26.94],[78.24,26.9],[78.2,26.88],[78.2,26.84],[78.26,26.82],[78.28,26.86],[78.36,26.88],[78.38,26.82],[78.42,26.84],[78.46,26.8],[78.52,26.78],[78.56,26.76],[78.62,26.78],[78.66,26.76],[78.72,26.8],[78.76,26.76],[78.82,26.76],[78.86,26.7],[78.9,26.72],[78.98,26.68],[79,26.62],[78.98,26.6],[79,26.56],[79.06,26.5],[79.04,26.46],[79.12,26.44],[79.08,26.4],[79.12,26.36],[79.1,26.32],[79.06,26.28],[79.04,26.22],[79,26.2],[79,26.16],[78.94,26.14],[79,26.08],[78.94,26.04],[78.94,26],[78.88,25.92],[78.86,25.88],[78.86,25.8],[78.82,25.84],[78.76,25.72],[78.8,25.72],[78.82,25.68],[78.8,25.62],[78.68,25.6],[78.64,25.56],[78.6,25.58],[78.58,25.56],[78.48,25.58],[78.4,25.54],[78.42,25.48],[78.34,25.44],[78.34,25.4],[78.3,25.36],[78.34,25.34],[78.36,25.24],[78.38,25.2],[78.44,25.16],[78.42,25.12],[78.38,25.12],[78.32,25.08],[78.34,25.02],[78.32,25],[78.18,24.88],[78.22,24.78],[78.22,24.74],[78.26,24.66],[78.26,24.62],[78.26,24.56],[78.22,24.54],[78.26,24.44],[78.36,24.38],[78.32,24.34],[78.34,24.3],[78.38,24.28],[78.44,24.3],[78.5,24.4],[78.58,24.36],[78.62,24.3],[78.7,24.24],[78.76,24.24],[78.78,24.18],[78.82,24.2],[78.86,24.22],[78.9,24.3],[78.96,24.36],[78.98,24.42],[78.92,24.46],[78.94,24.48],[78.94,24.56],[78.92,24.58],[78.88,24.64],[78.84,24.6],[78.78,24.6],[78.76,24.6],[78.74,24.66],[78.78,24.7],[78.76,24.8],[78.78,24.82],[78.76,24.86],[78.66,24.9],[78.66,24.94],[78.62,24.96],[78.64,25.06],[78.6,25.1],[78.6,25.16],[78.56,25.22],[78.56,25.26],[78.52,25.28],[78.54,25.34],[78.58,25.36],[78.6,25.42],[78.68,25.44],[78.7,25.42],[78.66,25.38],[78.76,25.36],[78.76,25.44],[78.72,25.46],[78.78,25.48],[78.86,25.46],[78.84,25.52],[78.88,25.52],[78.88,25.56],[78.92,25.56],[78.94,25.54],[78.92,25.42],[78.96,25.44],[78.98,25.38],[78.88,25.38],[78.8,25.3],[78.84,25.24],[78.86,25.28],[78.86,25.32],[78.88,25.34],[78.94,25.34],[78.98,25.3],[78.9,25.28],[78.86,25.18],[78.96,25.22],[78.98,25.28],[79.02,25.24],[79.02,25.18],[79.1,25.18],[79.14,25.12],[79.2,25.12],[79.28,25.12],[79.32,25.16],[79.28,25.22],[79.34,25.24],[79.26,25.32],[79.3,25.34],[79.4,25.28],[79.44,25.22],[79.4,25.2],[79.38,25.18],[79.38,25.12],[79.48,25.08],[79.56,25.16],[79.66,25.12],[79.74,25.14],[79.82,25.1],[79.86,25.16],[79.84,25.24],[79.94,25.26],[80,25.28],[80.02,25.34],[80.08,25.36],[80.12,25.34],[80.18,25.4],[80.24,25.4],[80.28,25.42],[80.3,25.4],[80.3,25.3],[80.34,25.28],[80.4,25.22],[80.42,25.18],[80.34,25.14],[80.26,25.04],[80.32,25],[80.36,25.02],[80.4,25.08],[80.44,25.08],[80.48,25.04],[80.58,25.08],[80.6,25.16],[80.68,25.06],[80.78,25.08],[80.72,25.1],[80.76,25.14],[80.82,25.14],[80.86,25.18],[80.9,25.16],[80.86,25.12],[80.88,25.08],[80.82,25.02],[80.86,25],[80.8,24.94],[80.86,24.94],[80.94,24.98],[80.96,24.94],[81.02,24.96],[81.08,24.96],[81.12,24.9],[81.16,24.96],[81.2,24.94],[81.2,25],[81.26,25.06],[81.24,25.1],[81.26,25.16],[81.34,25.16],[81.38,25.12],[81.42,25.14],[81.44,25.1],[81.48,25.08],[81.5,25.14],[81.54,25.18],[81.56,25.2],[81.6,25.14],[81.64,25.08],[81.72,25.06],[81.8,25.02],[81.82,25.02],[81.9,24.98],[81.92,24.92],[81.9,24.88],[81.96,24.84],[82,24.86],[82.08,24.82],[82.12,24.8],[82.2,24.8],[82.2,24.76],[82.24,24.76],[82.24,24.7],[82.3,24.66],[82.3,24.62],[82.36,24.6],[82.4,24.6],[82.4,24.68],[82.42,24.7],[82.52,24.66],[82.66,24.7],[82.7,24.64],[82.76,24.64],[82.8,24.6],[82.8,24.56],[82.74,24.54],[82.72,24.56],[82.72,24.42],[82.7,24.38],[82.76,24.38],[82.76,24.3],[82.74,24.24],[82.72,24.22],[82.74,24.16],[82.72,24.14],[82.66,24.14],[82.7,24.08],[82.76,24.08],[82.74,24.02],[82.8,24],[82.8,23.96],[82.84,23.94],[82.88,23.92],[82.96,23.88],[83.04,23.88],[83.06,23.88],[83.12,23.9],[83.18,23.92],[83.22,23.98],[83.28,24.02],[83.3,24.08],[83.32,24.1],[83.34,24.12],[83.4,24.26],[83.38,24.32],[83.44,24.34],[83.42,24.4],[83.4,24.42],[83.38,24.46],[83.4,24.5],[83.5,24.52],[83.52,24.54],[83.54,24.62],[83.5,24.66],[83.52,24.68],[83.48,24.74],[83.46,24.74],[83.38,24.78],[83.4,24.84],[83.36,24.9],[83.36,24.96],[83.32,25.04],[83.36,25.14],[83.34,25.2],[83.38,25.2],[83.4,25.24],[83.46,25.26],[83.48,25.28],[83.54,25.32],[83.62,25.34],[83.7,25.4],[83.78,25.4],[83.92,25.56],[84.02,25.62],[84.08,25.64],[84.06,25.7],[84.1,25.72],[84.16,25.72],[84.22,25.66],[84.32,25.68],[84.32,25.74],[84.4,25.72],[84.4,25.7],[84.44,25.72],[84.46,25.68],[84.52,25.68],[84.56,25.7],[84.56,25.74],[84.6,25.76],[84.62,25.8],[84.54,25.84],[84.52,25.88],[84.44,25.9],[84.4,25.94],[84.36,25.96],[84.3,25.94],[84.14,26.04],[84.1,26.1],[84.04,26.1],[84.02,26.16],[84,26.2],[84.04,26.24],[84.08,26.22],[84.16,26.26],[84.18,26.32],[84.18,26.38],[84.06,26.4],[84.02,26.44],[83.98,26.44],[83.9,26.46],[83.9,26.5],[83.96,26.52],[84.04,26.54],[84.08,26.62],[84.08,26.64],[84.16,26.64],[84.28,26.6],[84.3,26.62],[84.42,26.62],[84.4,26.68],[84.36,26.68],[84.34,26.68],[84.32,26.68],[84.32,26.72],[84.3,26.74],[84.3,26.76],[84.28,26.76],[84.26,26.74],[84.24,26.74],[84.22,26.76],[84.24,26.78],[84.24,26.8],[84.26,26.8],[84.24,26.82],[84.26,26.84],[84.24,26.86],[84.22,26.88],[84.2,26.88],[84.18,26.86],[84.18,26.84],[84.16,26.84],[84.14,26.88],[84.1,26.88],[84.08,26.88],[84.06,26.9],[84.04,26.9],[84.06,26.9],[84.04,26.9],[84.04,26.92],[84.04,26.94],[84.02,26.94],[84.04,26.94],[84.04,26.96],[84.04,26.98],[84.04,27],[84.04,27.04],[84.02,27.04],[84,27.06],[84.02,27.08],[84.02,27.1],[84,27.1],[83.98,27.1],[83.94,27.08],[83.94,27.1],[83.94,27.12],[83.96,27.12],[83.96,27.14],[83.96,27.16],[83.98,27.18],[83.98,27.2],[83.96,27.22],[83.94,27.24],[83.9,27.24],[83.9,27.26],[83.9,27.28],[83.9,27.34],[83.86,27.32],[83.86,27.36],[83.84,27.36],[83.62,27.46],[83.4,27.48],[83.38,27.44],[83.4,27.4],[83.36,27.34],[83.3,27.34],[83.28,27.38],[83.16,27.46],[83.04,27.44],[82.96,27.46],[82.94,27.5],[82.8,27.5],[82.74,27.5],[82.76,27.58],[82.72,27.66],[82.7,27.72],[82.6,27.7],[82.54,27.68],[82.46,27.68],[82.4,27.7],[82.36,27.74],[82.3,27.78],[82.22,27.84],[82.12,27.86],[82.08,27.92],[81.98,27.92],[81.9,27.86],[81.84,27.9],[81.8,27.9],[81.7,27.98],[81.64,28],[81.48,28.08],[81.48,28.12],[81.44,28.16],[81.38,28.18],[81.38,28.14],[81.32,28.14],[81.32,28.2],[81.24,28.28],[81.24,28.32],[81.22,28.36],[81.08,28.38],[81,28.46],[80.98,28.44],[80.9,28.46],[80.92,28.5],[80.86,28.5],[80.78,28.52],[80.76,28.56],[80.72,28.56],[80.66,28.64],[80.62,28.64],[80.54,28.7],[80.5,28.66],[80.52,28.58],[80.48,28.6],[80.46,28.62],[80.42,28.64],[80.38,28.62],[80.32,28.66],[80.32,28.7],[80.28,28.7],[80.26,28.76],[80.22,28.76],[80.12,28.82],[80.08,28.82],[79.98,28.72],[79.96,28.72],[79.92,28.76],[79.9,28.78],[79.88,28.78],[79.9,28.8],[79.88,28.8],[79.86,28.8],[79.84,28.8],[79.84,28.82],[79.86,28.82],[79.88,28.82],[79.88,28.84],[79.86,28.84],[79.82,28.82],[79.8,28.8],[79.78,28.8],[79.78,28.82],[79.8,28.82],[79.8,28.84],[79.8,28.86],[79.8,28.88],[79.76,28.88]]]},"properties":{"ID_0":105,"ISO":"IND","NAME_0":"India","ID_1":33,"NAME_1":"Uttar Pradesh"}},
{"type":"Feature","geometry":{"type":"Polygon","coordinates":[[[80.08,28.82],[80.06,28.92],[80.12,29],[80.14,29.1],[80.18,29.14],[80.24,29.12],[80.28,29.14],[80.26,29.18],[80.3,29.2],[80.3,29.28],[80.28,29.36],[80.28,29.4],[80.24,29.42],[80.24,29.44],[80.3,29.46],[80.3,29.48],[80.34,29.5],[80.4,29.6],[80.42,29.66],[80.38,29.68],[80.36,29.74],[80.4,29.8],[80.46,29.8],[80.56,29.86],[80.58,29.92],[80.6,29.96],[80.68,29.96],[80.74,30],[80.8,30.08],[80.88,30.14],[80.86,30.16],[80.92,30.24],[80.98,30.24],[81.02,30.26],[80.82,30.32],[80.78,30.34],[80.74,30.4],[80.6,30.48],[80.54,30.46],[80.48,30.5],[80.36,30.52],[80.28,30.58],[80.22,30.58],[80.2,30.64],[80.18,30.66],[80.22,30.7],[80.24,30.74],[80.2,30.76],[80.16,30.82],[80.1,30.78],[80.04,30.84],[79.88,30.92],[79.86,30.98],[79.8,30.98],[79.74,31],[79.7,30.98],[79.66,30.98],[79.58,30.94],[79.5,31.04],[79.42,31.04],[79.38,31.12],[79.3,31.14],[79.26,31.24],[79.24,31.26],[79.24,31.3],[79.22,31.34],[79.18,31.38],[79.12,31.44],[79.06,31.48],[78.98,31.36],[78.94,31.34],[78.9,31.26],[78.94,31.2],[78.98,31.18],[79,31.12],[78.88,31.1],[78.82,31.14],[78.8,31.2],[78.74,31.2],[78.66,31.2],[78.6,31.24],[78.54,31.2],[78.48,31.2],[78.42,31.26],[78.36,31.28],[78.3,31.28],[78.24,31.24],[78.14,31.24],[78.1,31.2],[78.02,31.18],[78,31.16],[77.96,31.18],[77.9,31.16],[77.86,31.12],[77.84,31.08],[77.8,31.06],[77.82,31],[77.8,30.96],[77.76,30.98],[77.74,30.92],[77.8,30.92],[77.78,30.88],[77.74,30.88],[77.74,30.84],[77.68,30.76],[77.74,30.72],[77.74,30.68],[77.78,30.64],[77.74,30.6],[77.76,30.58],[77.8,30.56],[77.8,30.52],[77.76,30.5],[77.66,30.44],[77.6,30.44],[77.56,30.4],[77.64,30.42],[77.72,30.34],[77.82,30.3],[77.92,30.26],[77.92,30.24],[77.9,30.18],[77.82,30.1],[77.78,30.1],[77.74,30],[77.74,29.92],[77.7,29.86],[77.74,29.86],[77.76,29.78],[77.76,29.72],[77.84,29.68],[77.88,29.7],[77.94,29.68],[77.98,29.64],[77.98,29.56],[78.04,29.56],[78.04,29.6],[78.16,29.68],[78.2,29.72],[78.24,29.7],[78.3,29.76],[78.34,29.8],[78.48,29.74],[78.52,29.66],[78.58,29.58],[78.7,29.5],[78.76,29.48],[78.9,29.46],[78.9,29.42],[78.86,29.38],[78.78,29.34],[78.76,29.34],[78.72,29.32],[78.82,29.26],[78.86,29.24],[78.9,29.2],[78.9,29.16],[78.96,29.16],[79.02,29.14],[79.08,29.16],[79.14,29.12],[79.14,29.08],[79.28,28.96],[79.4,28.94],[79.4,28.88],[79.42,28.86],[79.5,28.86],[79.54,28.9],[79.66,28.84],[79.7,28.88],[79.76,28.88],[79.8,28.88],[79.8,28.86],[79.8,28.84],[79.8,28.82],[79.78,28.82],[79.78,28.8],[79.8,28.8],[79.82,28.82],[79.86,28.84],[79.88,28.84],[79.88,28.82],[79.86,28.82],[79.84,28.82],[79.84,28.8],[79.86,28.8],[79.88,28.8],[79.9,28.8],[79.88,28.78],[79.9,28.78],[79.92,28.76],[79.96,28.72],[79.98,28.72],[80.08,28.82]]]},"properties":{"ID_0":105,"ISO":"IND","NAME_0":"India","ID_1":34,"NAME_1":"Uttaranchal"}},
{"type":"Feature","geometry":{"type":"MultiPolygon","coordinates":[[[[88.5,21.6],[88.48,21.56],[88.54,21.54],[88.52,21.58],[88.5,21.6]]],[[[88.84,21.6],[88.82,21.58],[88.86,21.56],[88.9,21.58],[88.84,21.6]]],[[[88.72,21.64],[88.7,21.6],[88.74,21.58],[88.76,21.6],[88.74,21.62],[88.72,21.64]]],[[[88.54,21.64],[88.52,21.6],[88.54,21.58],[88.56,21.56],[88.58,21.62],[88.54,21.64]]],[[[88.78,21.66],[88.74,21.64],[88.74,21.62],[88.76,21.6],[88.74,21.58],[88.8,21.6],[88.78,21.66]]],[[[88.58,21.7],[88.56,21.64],[88.6,21.64],[88.58,21.7]]],[[[88.98,21.7],[88.96,21.7],[88.96,21.64],[89,21.64],[88.98,21.7]]],[[[88.8,21.7],[88.76,21.7],[88.76,21.68],[88.74,21.68],[88.76,21.66],[88.78,21.66],[88.8,21.66],[88.8,21.7]]],[[[88.32,21.7],[88.32,21.66],[88.3,21.62],[88.34,21.62],[88.36,21.68],[88.32,21.7]]],[[[88.46,21.7],[88.42,21.68],[88.42,21.66],[88.46,21.62],[88.48,21.68],[88.46,21.7]]],[[[88.2,21.72],[88.18,21.68],[88.2,21.6],[88.24,21.64],[88.2,21.72]]],[[[89.06,21.72],[89.02,21.7],[89.02,21.64],[89.04,21.62],[89.1,21.64],[89.1,21.66],[89.06,21.72]]],[[[88.54,21.74],[88.52,21.72],[88.54,21.64],[88.56,21.66],[88.56,21.7],[88.58,21.7],[88.54,21.74]]],[[[88.88,21.74],[88.88,21.7],[88.88,21.66],[88.92,21.64],[88.94,21.68],[88.88,21.74]]],[[[88.42,21.74],[88.38,21.68],[88.38,21.62],[88.44,21.62],[88.42,21.66],[88.42,21.7],[88.42,21.74]]],[[[88.22,21.76],[88.22,21.72],[88.24,21.66],[88.24,21.64],[88.22,21.62],[88.24,21.56],[88.3,21.56],[88.3,21.64],[88.32,21.68],[88.28,21.72],[88.28,21.76],[88.22,21.76]]],[[[88.92,21.76],[88.92,21.72],[88.96,21.7],[88.98,21.7],[88.98,21.74],[88.92,21.76]]],[[[88.84,21.76],[88.78,21.74],[88.82,21.7],[88.8,21.64],[88.86,21.64],[88.84,21.76]]],[[[88.46,21.78],[88.42,21.76],[88.44,21.7],[88.46,21.74],[88.46,21.78]]],[[[88.72,21.8],[88.7,21.74],[88.72,21.7],[88.76,21.66],[88.74,21.68],[88.76,21.68],[88.76,21.7],[88.78,21.72],[88.76,21.74],[88.76,21.76],[88.72,21.78],[88.72,21.8]]],[[[88.54,21.82],[88.5,21.78],[88.52,21.72],[88.56,21.76],[88.54,21.82]]],[[[88.42,21.82],[88.38,21.78],[88.4,21.74],[88.44,21.78],[88.42,21.82]]],[[[88.92,21.82],[88.9,21.82],[88.88,21.82],[88.9,21.78],[88.9,21.76],[88.94,21.82],[88.92,21.82]]],[[[88.34,21.86],[88.32,21.86],[88.32,21.84],[88.3,21.84],[88.28,21.82],[88.26,21.82],[88.26,21.8],[88.28,21.8],[88.3,21.76],[88.34,21.76],[88.36,21.8],[88.36,21.86],[88.34,21.86]]],[[[88.86,21.86],[88.84,21.84],[88.84,21.78],[88.9,21.76],[88.9,21.78],[88.88,21.8],[88.88,21.82],[88.88,21.84],[88.88,21.86],[88.86,21.86]]],[[[88.14,21.88],[88.12,21.86],[88.04,21.72],[88.04,21.64],[88.1,21.62],[88.14,21.62],[88.16,21.66],[88.18,21.74],[88.16,21.84],[88.14,21.88]]],[[[88.78,21.88],[88.76,21.84],[88.82,21.82],[88.82,21.86],[88.78,21.88]]],[[[88.98,21.9],[88.98,21.86],[88.96,21.84],[88.98,21.8],[89.02,21.82],[89.04,21.86],[88.98,21.9]]],[[[88.62,21.9],[88.6,21.86],[88.64,21.78],[88.66,21.86],[88.62,21.9]]],[[[88.56,21.9],[88.54,21.88],[88.54,21.84],[88.56,21.84],[88.58,21.88],[88.56,21.9]]],[[[88.44,21.9],[88.42,21.9],[88.42,21.88],[88.4,21.88],[88.4,21.84],[88.44,21.8],[88.5,21.86],[88.48,21.88],[88.46,21.9],[88.44,21.9]]],[[[88.72,21.9],[88.7,21.84],[88.72,21.8],[88.76,21.8],[88.78,21.86],[88.72,21.9]]],[[[88.84,21.92],[88.84,21.9],[88.86,21.86],[88.88,21.86],[88.88,21.84],[88.88,21.82],[88.96,21.86],[88.98,21.9],[88.92,21.92],[88.88,21.92],[88.84,21.92]]],[[[88.72,21.94],[88.72,21.9],[88.8,21.88],[88.8,21.92],[88.72,21.94]]],[[[88.66,22.02],[88.64,22],[88.64,21.96],[88.68,21.94],[88.72,22],[88.66,22.02]]],[[[88.14,22.02],[88.08,22],[88.04,21.92],[88.08,21.94],[88.14,22.02]]],[[[88.82,22.02],[88.76,22.02],[88.76,21.96],[88.82,21.94],[88.86,21.92],[88.9,21.92],[88.9,22.02],[88.82,22.02]]],[[[89.02,22.06],[88.98,22.04],[88.98,22],[89.02,21.98],[89,21.94],[89.04,21.92],[89.06,21.94],[89.08,21.98],[89.04,22.04],[89.02,22.06]]],[[[88.8,22.08],[88.78,22.1],[88.74,22.06],[88.78,22.04],[88.8,22.08]]],[[[88.82,22.12],[88.8,22.08],[88.86,22.08],[88.84,22.12],[88.82,22.12]]],[[[88.86,22.16],[88.84,22.12],[88.88,22.08],[88.92,22.1],[88.88,22.16],[88.86,22.16]]],[[[88.94,22.18],[88.9,22.14],[88.94,22.1],[88.9,22.06],[88.94,21.94],[89,21.9],[89,21.98],[88.98,21.98],[88.98,22.04],[88.96,22.06],[88.98,22.14],[88.94,22.18]]],[[[89,22.2],[88.98,22.2],[89,22.14],[88.98,22.08],[89.04,22.1],[89.04,22.14],[89.02,22.14],[89,22.2]]],[[[88.7,22.2],[88.66,22.16],[88.64,22.1],[88.66,22.02],[88.72,22],[88.72,22.04],[88.68,22.06],[88.68,22.08],[88.78,22.16],[88.76,22.2],[88.74,22.2],[88.7,22.2]]],[[[88.84,22.18],[88.8,22.18],[88.7,22.08],[88.74,22.08],[88.8,22.12],[88.84,22.14],[88.84,22.18]]],[[[88.82,22.28],[88.76,22.24],[88.74,22.2],[88.82,22.18],[88.82,22.2],[88.8,22.2],[88.8,22.22],[88.82,22.24],[88.82,22.28]]],[[[88.84,22.36],[88.82,22.36],[88.8,22.34],[88.8,22.3],[88.82,22.26],[88.82,22.24],[88.8,22.2],[88.84,22.2],[88.86,22.2],[88.9,22.18],[88.94,22.3],[88.9,22.34],[88.84,22.36]]],[[[88.98,22.38],[88.96,22.36],[88.94,22.26],[88.96,22.22],[89.02,22.2],[89.02,22.16],[89.06,22.18],[89.04,22.26],[89,22.28],[88.98,22.32],[88.98,22.38]]],[[[88.9,22.54],[88.86,22.54],[88.86,22.42],[88.9,22.42],[88.9,22.44],[88.9,22.46],[88.9,22.48],[88.9,22.54]]],[[[88.92,22.56],[88.9,22.56],[88.92,22.52],[88.9,22.48],[88.9,22.46],[88.9,22.44],[88.92,22.42],[88.92,22.4],[88.9,22.38],[88.9,22.34],[88.94,22.36],[89,22.46],[88.98,22.48],[88.96,22.56],[88.92,22.56]]],[[[88.28,27.14],[88.24,27.12],[88.18,27.14],[88.16,27.12],[88.08,27.14],[88.06,27.22],[88.02,27.22],[88.02,27.1],[88.04,27.04],[88.08,27.02],[88.12,26.98],[88.14,26.9],[88.18,26.86],[88.18,26.84],[88.2,26.78],[88.16,26.64],[88.1,26.54],[88.14,26.52],[88.18,26.54],[88.24,26.54],[88.18,26.5],[88.24,26.44],[88.26,26.44],[88.24,26.4],[88.24,26.38],[88.26,26.38],[88.28,26.36],[88.28,26.34],[88.26,26.34],[88.22,26.3],[88.22,26.28],[88.2,26.28],[88.18,26.26],[88.16,26.26],[88.14,26.24],[88.12,26.22],[88.1,26.22],[88.1,26.2],[88.08,26.2],[88.08,26.18],[88.06,26.18],[88.04,26.18],[88.02,26.16],[88.02,26.14],[88,26.14],[87.98,26.16],[87.96,26.14],[87.96,26.12],[87.96,26.1],[87.98,26.08],[87.96,26.08],[87.94,26.06],[87.92,26.08],[87.9,26.08],[87.88,26.08],[87.88,26.06],[87.84,26.04],[87.84,26],[87.82,26],[87.82,25.98],[87.84,25.96],[87.82,25.96],[87.82,25.94],[87.8,25.92],[87.82,25.88],[87.92,25.86],[87.9,25.78],[87.98,25.72],[88.04,25.7],[88.04,25.68],[88.04,25.66],[88.04,25.64],[88.04,25.62],[88.04,25.6],[88.02,25.6],[88.04,25.6],[88.04,25.58],[88.02,25.56],[88.04,25.56],[88.02,25.56],[88.04,25.54],[88.06,25.52],[88.06,25.5],[88.06,25.48],[88,25.5],[87.96,25.54],[87.92,25.54],[87.86,25.5],[87.86,25.46],[87.78,25.44],[87.76,25.4],[87.78,25.38],[87.78,25.34],[87.86,25.3],[87.84,25.26],[87.78,25.22],[87.78,25.16],[87.78,25.1],[87.8,25.08],[87.86,25.04],[87.9,24.98],[87.96,24.94],[87.96,24.88],[87.9,24.84],[87.84,24.74],[87.9,24.72],[87.88,24.68],[87.92,24.66],[87.88,24.56],[87.84,24.56],[87.8,24.56],[87.8,24.5],[87.82,24.46],[87.78,24.44],[87.8,24.38],[87.76,24.34],[87.76,24.3],[87.68,24.24],[87.64,24.24],[87.68,24.14],[87.58,24.16],[87.58,24.08],[87.54,24.08],[87.5,24.12],[87.5,24.06],[87.5,24.02],[87.44,23.98],[87.36,24],[87.34,24.04],[87.24,24.02],[87.26,23.96],[87.3,23.96],[87.3,23.9],[87.22,23.86],[87.14,23.86],[87.16,23.82],[87.14,23.8],[87.06,23.82],[87.04,23.84],[86.96,23.86],[86.94,23.84],[86.9,23.88],[86.84,23.82],[86.8,23.8],[86.82,23.78],[86.8,23.68],[86.74,23.68],[86.72,23.7],[86.6,23.66],[86.52,23.62],[86.44,23.64],[86.36,23.54],[86.36,23.46],[86.3,23.44],[86.22,23.44],[86.16,23.5],[86.14,23.58],[86.04,23.58],[86.02,23.56],[86.04,23.5],[85.94,23.46],[85.88,23.48],[85.86,23.46],[85.86,23.36],[85.86,23.3],[85.82,23.26],[85.84,23.2],[85.92,23.12],[85.98,23.14],[86.04,23.14],[86.04,23.12],[86.12,23.1],[86.18,23.02],[86.22,23],[86.28,23.02],[86.4,22.98],[86.42,23],[86.5,22.98],[86.52,22.96],[86.44,22.92],[86.46,22.9],[86.44,22.86],[86.42,22.78],[86.46,22.76],[86.48,22.72],[86.54,22.72],[86.64,22.66],[86.64,22.6],[86.66,22.58],[86.76,22.58],[86.78,22.54],[86.78,22.48],[86.74,22.48],[86.76,22.42],[86.84,22.4],[86.82,22.32],[86.88,22.28],[86.88,22.26],[86.82,22.26],[86.8,22.22],[86.72,22.22],[86.72,22.14],[86.8,22.16],[86.8,22.12],[86.84,22.1],[86.96,22.08],[87.02,22.04],[87.04,21.98],[87,21.9],[87.04,21.86],[87.08,21.86],[87.1,21.88],[87.08,21.9],[87.1,21.9],[87.1,21.92],[87.12,21.92],[87.16,21.92],[87.16,21.94],[87.16,21.98],[87.18,21.96],[87.2,21.96],[87.22,21.96],[87.24,21.96],[87.24,21.94],[87.26,21.92],[87.24,21.86],[87.26,21.84],[87.26,21.82],[87.28,21.8],[87.3,21.8],[87.32,21.8],[87.32,21.78],[87.34,21.78],[87.36,21.78],[87.38,21.76],[87.38,21.78],[87.4,21.76],[87.42,21.76],[87.44,21.76],[87.44,21.74],[87.46,21.74],[87.44,21.74],[87.46,21.72],[87.46,21.7],[87.46,21.68],[87.46,21.66],[87.46,21.64],[87.48,21.62],[87.48,21.6],[87.56,21.64],[87.68,21.66],[87.78,21.7],[87.9,21.78],[87.92,21.8],[87.98,21.86],[88.06,22.02],[88.08,22.02],[88.16,22.08],[88.2,22.12],[88.14,22.18],[88.06,22.18],[88.04,22.2],[88,22.2],[87.94,22.26],[88.08,22.22],[88.12,22.2],[88.18,22.18],[88.22,22.14],[88.22,22.08],[88.22,22.04],[88.16,21.96],[88.18,21.92],[88.16,21.88],[88.2,21.82],[88.22,21.76],[88.28,21.76],[88.26,21.8],[88.26,21.82],[88.3,21.84],[88.32,21.86],[88.36,21.86],[88.38,21.84],[88.4,21.88],[88.42,21.9],[88.44,21.9],[88.44,21.92],[88.46,21.92],[88.46,21.9],[88.48,21.9],[88.52,21.86],[88.54,21.88],[88.54,21.9],[88.56,21.9],[88.58,21.9],[88.58,21.88],[88.6,21.9],[88.62,21.94],[88.6,21.96],[88.64,22.04],[88.62,22.1],[88.64,22.16],[88.68,22.2],[88.7,22.22],[88.74,22.2],[88.74,22.22],[88.8,22.28],[88.8,22.32],[88.82,22.36],[88.84,22.36],[88.86,22.44],[88.86,22.54],[88.9,22.56],[88.94,22.58],[88.94,22.64],[88.96,22.7],[88.92,22.74],[88.92,22.76],[88.96,22.8],[88.96,22.84],[88.94,22.88],[88.9,22.88],[88.9,22.94],[88.86,22.96],[88.88,23.02],[88.88,23.1],[88.94,23.14],[88.96,23.18],[88.92,23.22],[88.78,23.22],[88.72,23.26],[88.7,23.3],[88.74,23.32],[88.74,23.34],[88.76,23.44],[88.74,23.48],[88.66,23.54],[88.64,23.6],[88.56,23.64],[88.56,23.72],[88.58,23.78],[88.6,23.82],[88.58,23.86],[88.66,23.88],[88.74,23.92],[88.74,23.98],[88.74,24.06],[88.7,24.16],[88.74,24.2],[88.74,24.26],[88.72,24.3],[88.68,24.32],[88.62,24.3],[88.5,24.34],[88.44,24.38],[88.4,24.38],[88.32,24.38],[88.26,24.44],[88.2,24.46],[88.1,24.54],[88.04,24.64],[88.02,24.68],[88.06,24.72],[88.06,24.74],[88.12,24.82],[88.16,24.86],[88.14,24.92],[88.18,24.96],[88.24,24.96],[88.26,24.9],[88.32,24.88],[88.32,24.92],[88.4,24.96],[88.46,25.04],[88.44,25.12],[88.46,25.16],[88.44,25.2],[88.48,25.22],[88.56,25.2],[88.58,25.18],[88.62,25.2],[88.7,25.2],[88.74,25.18],[88.8,25.18],[88.84,25.22],[88.88,25.18],[88.92,25.16],[88.96,25.22],[88.96,25.26],[88.98,25.3],[88.92,25.3],[88.9,25.34],[88.84,25.36],[88.82,25.4],[88.84,25.46],[88.8,25.52],[88.76,25.5],[88.72,25.5],[88.66,25.48],[88.62,25.5],[88.56,25.52],[88.48,25.58],[88.44,25.62],[88.46,25.66],[88.4,25.66],[88.38,25.72],[88.28,25.78],[88.26,25.8],[88.16,25.78],[88.1,25.82],[88.1,25.88],[88.08,25.92],[88.12,25.94],[88.14,25.98],[88.18,26.06],[88.16,26.1],[88.18,26.14],[88.26,26.18],[88.32,26.2],[88.36,26.22],[88.36,26.28],[88.44,26.36],[88.5,26.36],[88.48,26.46],[88.42,26.48],[88.36,26.52],[88.38,26.6],[88.42,26.64],[88.44,26.56],[88.48,26.54],[88.56,26.46],[88.64,26.42],[88.68,26.38],[88.7,26.34],[88.74,26.36],[88.76,26.3],[88.82,26.3],[88.82,26.26],[88.86,26.24],[88.88,26.3],[88.94,26.28],[88.96,26.24],[89.06,26.24],[89.06,26.3],[89,26.3],[89,26.34],[88.92,26.38],[88.96,26.46],[89,26.42],[89.1,26.38],[89.12,26.28],[89.14,26.24],[89.14,26.18],[89.16,26.14],[89.26,26.1],[89.26,26.06],[89.32,26.04],[89.36,26],[89.4,26.02],[89.46,26],[89.54,26],[89.58,25.98],[89.58,26.04],[89.66,26.06],[89.64,26.12],[89.6,26.14],[89.66,26.22],[89.7,26.18],[89.72,26.16],[89.74,26.18],[89.72,26.18],[89.7,26.18],[89.72,26.18],[89.72,26.2],[89.72,26.22],[89.7,26.22],[89.72,26.22],[89.72,26.24],[89.72,26.26],[89.7,26.26],[89.72,26.26],[89.74,26.26],[89.72,26.28],[89.72,26.3],[89.74,26.3],[89.76,26.28],[89.76,26.3],[89.76,26.32],[89.78,26.36],[89.86,26.38],[89.84,26.42],[89.86,26.44],[89.86,26.48],[89.86,26.58],[89.88,26.58],[89.88,26.68],[89.86,26.7],[89.76,26.72],[89.64,26.74],[89.66,26.78],[89.52,26.82],[89.46,26.8],[89.44,26.84],[89.38,26.84],[89.38,26.86],[89.32,26.86],[89.26,26.82],[89.12,26.8],[89.1,26.84],[89.08,26.9],[89.04,26.9],[89.02,26.94],[88.98,26.92],[88.94,26.94],[88.94,26.98],[88.92,27],[88.88,26.96],[88.88,27.04],[88.86,27.1],[88.76,27.14],[88.72,27.14],[88.68,27.18],[88.66,27.16],[88.6,27.2],[88.52,27.18],[88.52,27.16],[88.44,27.08],[88.42,27.1],[88.38,27.1],[88.36,27.1],[88.34,27.1],[88.32,27.12],[88.3,27.12],[88.28,27.14]]]]},"properties":{"ID_0":105,"ISO":"IND","NAME_0":"India","ID_1":35,"NAME_1":"West Bengal"}}
]}